StartDate,EndDate,Status,IPAddress,Progress,Duration (in seconds),Finished,RecordedDate,ResponseId,RecipientLastName,RecipientFirstName,RecipientEmail,ExternalReference,LocationLatitude,LocationLongitude,DistributionChannel,UserLanguage,Q17,Q18,Q92,Q1,Q3,Q12,Q53,Q15,Q6,Q7,Q8,Q55,Q56,Q51_First Click,Q51_Last Click,Q51_Page Submit,Q51_Click Count,Q34,Q35,Q36,Q37,Q38,Q39,Q40,Q41,Q42,Q43,Q44,Q45,Q46,Q47,Q48,Q49,Q50,Q51,Q52,Q53,Q61_1,Q61_2,Q61_3,Q61_4,Q61_5,Q61_6,Q62,Q64_1,Q64_2,Q64_3,Q64_4,Q64_5,Q64_6,Q64_7,Q64_8,Q64_9,Q64_10,Q65_1,Q65_2,Q65_3,Q65_4,Q65_5,Q66_1,Q66_2,Q66_3,Q66_4,Q66_5,Q67#1_1,Q67#1_2,Q67#1_3,Q67#1_4,Q67#1_5,Q67#1_6,Q67#1_7,Q67#1_8,Q67#1_9,Q68,Q69,Q70,Q71,Q72,Q73,Q74,Q75_1,Q75_2,Q75_3,Q75_4,Q75_5,Q75_6,Q76_1,Q76_2,Q76_3,Q76_4,Q76_5,Q76_6,Q77_1,Q78,Q79,Q80,Q81,Q82,Q83,Q84,Q85,Q86_1,Q86_2,Q86_3,Q86_4,Q86_6,Q87_1,Q87_2,Q87_3,Q87_4,Q87_5,Q87_6,Q87_7,Q88_1,Q88_13,Q88_14,Q88_15,Q88_16,Q88_17,Q88_18,Q89_1,Q89_2,Q89_3,Q90,Q26,Q27,Q28,Q29_1,Q29_2,Q29_3,Q29_4,Q29_5,Q29_6,Q29_6_TEXT,Q30,Q30_3_TEXT,Q31,Q31_7_TEXT,Q32,PROLIFIC_PID,randomID
Start Date,End Date,Response Type,IP Address,Progress,Duration (in seconds),Finished,Recorded Date,Response ID,Recipient Last Name,Recipient First Name,Recipient Email,External Data Reference,Location Latitude,Location Longitude,Distribution Channel,User Language,"Informed Consent for Participation in Research Activities

Project Title:  Decisions, Games and Markets

Principal Investigator: Marcos Gallo; Address: MC 228-77, California Institute of Technology, Pasadena, CA 91125; Phone: 626-395-2856; Email: mnazaret@caltech.edu

Purpose of this Research Study:  

The purpose of this study is research.  This is not a clinical study and we do not provide medical treatment. Our main purpose is to understand how people perceive others. 

While we are happy to talk to you more about the scientific findings of our work, we will not give you any feedback. This means we cannot tell you how you compare to other people on any measures.

The study will take approximately 20-25 minutes.

If you have any questions about any part of the study or this informed consent, please ask the researcher.  Questions are encouraged.

Background:

 

This project aims to understand how resource scarcity, particularly related to time, will impact the time it takes to complete a particular set of tasks. Likewise, we aim to assess how many tasks will remain uncompleted at the end of a particular period of time. 

 

Who Can Participate:

 

Any person over 18 years of age residing in the US is eligible to participate.

 

What Will Be Done:   

 

In this survey, you will choose to complete ice-cream orders. In the experimental procedure, participants will be hosting their own ice cream parlor with two different potential orders. Each order will have an associated value. For every order completed, you will earn the dollar amount associated with that order. As more orders arrive as time progresses, the participant must decide what tasks to attend to. If some tasks are not completed within a timely manner, that order might “leave” the parlor.

Possible Risks and Discomforts: 

 

The risks or discomforts to you as a result of participating in the study are minimal. The testing may result in mild fatigue, boredom, and or frustration with the survey. These risks are no more than might be expected when performing any other psychological survey.

 

Collaborative Study/Sharing Research Data:

Possible Benefits: 

You personally will not benefit directly from participation in this research study in any way.  This research may help extend our understanding of how people perceive others.

Alternatives: 

Your alternative is to choose not to participate in this study.

Compensation:

You are entitled to compensation for participating in this experiment. Your compensation will be $1 for participation plus up to $2 depending on your performance in the game.

 

Withdrawal from Study:

 

Your participation is voluntary.  If you first agree to participate and then you change your mind, you are free to withdraw your consent and discontinue your participation in this study at any time.  Your decision will not affect your relationship, if any, with Caltech and you will not be penalized or lose any benefits to which you would otherwise be entitled. 

To withdraw from the study, you only need to let the experimenter know (or tell a 17th Door staff member as you go through the tour by saying “Unplug”). You will not be asked to explain your reasons. Subjects can withdraw and any point during the experiment.  They will be paid in full and their data will be destroyed.

We may also withdraw you from the study without your consent for scientific or technical reasons.  We will not be able to give you detailed explanations of the reasons. 

Confidentiality of Records: 

Any information from this study in which you might be identified will be confidential. By signing this form, however, you allow the study investigators to make your records available to the Caltech Institutional Review Board Office and regulatory or funding agencies as required by law. If the information generated by this study is published, you will never be identified by name.

Data collected from this study will be kept in Colin Camerer’s laboratory at the California Institute of Technology.  We will take reasonable steps to ensure that no unauthorized person will have access to the data generated by this study. Digital data will be password protected.

Offer to Answer Questions and Research Injury Notification: 

The Caltech researchers have offered to answer any and all questions regarding your participation in this research study. If you have any further questions or in the event of a research-related injury, you can contact the principal investigator at 626-395-2856 (Marcos Gallo), or the Caltech Institutional Review Board Administrator at (626)395-4699 or at irb@caltech.edu.

 

Voluntary Participation with Right of Refusal: 

You have been informed that your participation in this research study is voluntary. You are free to withdraw your consent for participation in any part of this study without any penalty.

IRB Review and Impartial Third Party: 

This study has been reviewed and approved by the Institutional Review Board (IRB) of the California Institute of Technology. A representative of that board, from the IRB Office, is available to discuss the review process or your rights as a research subject. The telephone number of the IRB office is 626-3954699 and their email is irb@caltech.edu.

Sponsor of this Research: 

N/A

* Signature for Consent: The below-named investigator has answered your questions and you agree to be a research subject in this study. You have carefully read the information contained above in the ""Experimental Subject's Bill of Rights"" and understand fully your rights as a potential subject in a research experiment involving people as subjects.","Experimental Subject's Bill of Rights:
You have been asked to participate as a subject in a research study. Before you decide whether you want to participate in the study, you have a right to:

a.  Be informed of the nature and purpose of the experiment;

b.  Be given an explanation of the procedures to be followed in the research experiment, and any drug or device to be utilized;

c.  Be given a description of any attendant discomforts and risks reasonably to be expected from your participation in the experiment;

d.  Be given an explanation of any benefits reasonably to be expected from your participation in the experiment;

e.  Be given a disclosure of any appropriate alternative procedures, drugs or devices that might be advantageous to you an their relative risks and benefits;

f.   Be informed of the avenues of medical treatment, if any, available to you after the experimental procedure if complications should arise;

g.  Be given an opportunity to ask any questions concerning the research experiment or the procedures involved;

h.  Be instructed that consent to participate in the experimental procedure may be withdrawn at any time and that you may discontinue participation in the research experiment without prejudice;

i. Be given a copy of this form and the signed and dated consent form; and

j. Be given the opportunity to decide to consent or not to consent to the research experiment without the intervention of any element of force, fraud, deceit, duress, coercion or undue influence on your decision.

I understand my rights as described above:","What is your Prolific ID?

Please note that this response should auto-fill with the correct ID",Did you read the instructions above?,Does the experiment have a timer on how fast you proceed?,"How many rounds till this task (2 heart, 2 dollars) disappears from the queue?","How many rounds till this task (2 heart, 1 dollar) disappears from the queue?","How many rounds till this task (1 heart, 2 dollars) disappears from the queue?",Where can I find out how much money I made?,Which tasks can you choose at each round?,What is the goal?,How much will I make for winning a point?,"If you experienced any technical difficulties, please refresh the game and try again. Please let us know any challenges you encountered, and we will reach out to you:",Timing - First Click,Timing - Last Click,Timing - Page Submit,Timing - Click Count,I feel calm,I feel secure,I am tense,I feel strained,I feel at ease,I feel upset,I am presently worrying over possible misfortunes,I feel satisfied,I feel frightened,I feel comfortable,I feel self confident,I feel nervous,I am jittery,I feel indecisive,I am relaxed,I feel content,I am worried,I feel confused,I feel steady,I feel pleasant,"During the past 6 months, you have lived: (select all that is applicable) - Alone","During the past 6 months, you have lived: (select all that is applicable) - Parents","During the past 6 months, you have lived: (select all that is applicable) - Friends/ Roommates","During the past 6 months, you have lived: (select all that is applicable) - Children","During the past 6 months, you have lived: (select all that is applicable) - Partner","During the past 6 months, you have lived: (select all that is applicable) - Others",Please select your housing type,Please select the most appropriate answer options - I am happy with the house I live in,Please select the most appropriate answer options - I am satisfied with the hygiene around the house,Please select the most appropriate answer options - My neighbors are good,Please select the most appropriate answer options - I am satisfied with the food that I eat,Please select the most appropriate answer options - I am happy with the clothes I wear,Please select the most appropriate answer options - I have a decent paying job,Please select the most appropriate answer options - I hang out with my friends quite often,Please select the most appropriate answer options - I am satisfied with my personal safety,Please select the most appropriate answer options - I pursue at least one hobby,Please select the most appropriate answer options - I have a healthy relationship with my parents,How important are the following aspects of your life? - Having a good house to stay in,How important are the following aspects of your life? - The way I spend my time on a regular basis,How important are the following aspects of your life? - I need good food to eat,How important are the following aspects of your life? - I need to be mentally healthy,How important are the following aspects of your life? - I need good means of transportation,Which of the following would be your regular activity? Select all that is applicable - Paid employment,Which of the following would be your regular activity? Select all that is applicable - School/ University,Which of the following would be your regular activity? Select all that is applicable - Volunteer work,Which of the following would be your regular activity? Select all that is applicable - Unpaid Internship,Which of the following would be your regular activity? Select all that is applicable - Others,Please select Yes or No for each of the following questions. - Q67#1 - I am happy about achieving something good in the last 4 weeks.,Please select Yes or No for each of the following questions. - Q67#1 - I feel left out and odd with people around me,Please select Yes or No for each of the following questions. - Q67#1 - I am bored very easily,Please select Yes or No for each of the following questions. - Q67#1 - Lack of concentration in the last 4 weeks,Please select Yes or No for each of the following questions. - Q67#1 - Extremely restless and jumpy,Please select Yes or No for each of the following questions. - Q67#1 - Have put on a lot of weight in the last 6 months,Please select Yes or No for each of the following questions. - Q67#1 - Happy because I received compliments from family and friends,Please select Yes or No for each of the following questions. - Q67#1 - Depressed and unhappy,Please select Yes or No for each of the following questions. - Q67#1 - Particularly excited about something,How would you rate your mental health over the past 4 weeks?,How would you rate your physical health over the past 4 weeks?,Have you ever been for psychiatric consultation?,How often do you consume alcohol?,Do you use drugs or any other substance?,How often do you consume drugs?,How often does lack of money keep you from doing the things you wish to do?,Please select all the activities you have done in the past 4 weeks - Gone to a restaurant with family or friends,Please select all the activities you have done in the past 4 weeks - Gone for a long drive alone or with friends,Please select all the activities you have done in the past 4 weeks - Cleaned my room/apartment/house,Please select all the activities you have done in the past 4 weeks - Gone shopping,Please select all the activities you have done in the past 4 weeks - Made a meal for self,Please select all the activities you have done in the past 4 weeks - Done my laundry,How important are the following: - Work/ School,How important are the following: - How you feel about yourself,How important are the following: - Your physical state of being,How important are the following: - Your mental state of being,How important are the following: - Your family/ friends,How important are the following: - Your bank balance,How healthy do you consider yourself on a scale of 1 to 10? - 1,How often do you get a healthcare checkup?,"Over the past 2 weeks, how often have you felt nervous, anxious, or on edge (excluding during the experiment)?","Over the past 2 weeks, how often have you felt down, depressed, or hopeless?","Over the past 2 weeks, how often have you felt little interest or pleasure in doing things?",How would you rate the diagnosis process that you experienced?,"Overall, how do you rate us as compared to other local hospitals in your area?",Is health insurance affordable to you?,Has any of your family members been dropped out of coverage after a diagnosis of any illness?,Do your living accommodations have any of the following electrical problems? - No,Do your living accommodations have any of the following electrical problems? - Unit does not have electricity,Do your living accommodations have any of the following electrical problems? - Unit has exposed wiring,Do your living accommodations have any of the following electrical problems? - Unit does not have electric plugs in every room,Do your living accommodations have any of the following electrical problems? - Other,Do your living accommodations have any of the following heating problems? - No,Do your living accommodations have any of the following heating problems? - Unit was uncomfortably cold for 24+ hours,Do your living accommodations have any of the following heating problems? - Each heating equipment breakdown,Do your living accommodations have any of the following heating problems? - Unit cold due to utility interruption,Do your living accommodations have any of the following heating problems? - Unit cold due to inadequate heating capacity,Do your living accommodations have any of the following heating problems? - Unit cold due to inadequate insulation,Do your living accommodations have any of the following heating problems? - Unit cold due to other reason,Do your living accommodations have any of the following structural problems? - No,Do your living accommodations have any of the following structural problems? - Leaks,Do your living accommodations have any of the following structural problems? - Leaky pipes,Do your living accommodations have any of the following structural problems? - Holes in the floor,Do your living accommodations have any of the following structural problems? - Open cracks (wider than a dime),Do your living accommodations have any of the following structural problems? - Peeling paint,Do your living accommodations have any of the following structural problems? - Evidence of Rodents,Do your living accommodations have any of the following bathroom problems? - No,Do your living accommodations have any of the following bathroom problems? - Unit does not have hot and cold running water OR Unit does not have a bathtub or shower OR Unit does not have a flush toilet,Do your living accommodations have any of the following bathroom problems? - Each breakdown leaving unit without a toilet for 6+ hours,Do your living accommodations have any of the following kitchen problems?,What is your year of birth?,What is the highest level of school you have completed or the highest degree you have received?,"Are you Spanish, Hispanic, or Latino or none of these?",Choose one or more races that you consider yourself to be: - Selected Choice - White,Choose one or more races that you consider yourself to be: - Selected Choice - Black or African American,Choose one or more races that you consider yourself to be: - Selected Choice - American Indian or Alaska Native,Choose one or more races that you consider yourself to be: - Selected Choice - Asian,Choose one or more races that you consider yourself to be: - Selected Choice - Native Hawaiian or Pacific Islander,Choose one or more races that you consider yourself to be: - Selected Choice - Other,Choose one or more races that you consider yourself to be: - Other - Text,What is your sex? - Selected Choice,What is your sex? - Other - Text,Which statement best describes your current employment status? - Selected Choice,Which statement best describes your current employment status? - Not working (other) - Text,Information about income is very important to understand.  Would you please give your best guess?Please indicate the answer that includes your entire household income in (previous year) before taxes.,PROLIFIC_PID,randomID
"{""ImportId"":""startDate"",""timeZone"":""America/New_York""}","{""ImportId"":""endDate"",""timeZone"":""America/New_York""}","{""ImportId"":""status""}","{""ImportId"":""ipAddress""}","{""ImportId"":""progress""}","{""ImportId"":""duration""}","{""ImportId"":""finished""}","{""ImportId"":""recordedDate"",""timeZone"":""America/New_York""}","{""ImportId"":""_recordId""}","{""ImportId"":""recipientLastName""}","{""ImportId"":""recipientFirstName""}","{""ImportId"":""recipientEmail""}","{""ImportId"":""externalDataReference""}","{""ImportId"":""locationLatitude""}","{""ImportId"":""locationLongitude""}","{""ImportId"":""distributionChannel""}","{""ImportId"":""userLanguage""}","{""ImportId"":""QID20""}","{""ImportId"":""QID21""}","{""ImportId"":""QID95_TEXT""}","{""ImportId"":""QID2""}","{""ImportId"":""QID4""}","{""ImportId"":""QID15""}","{""ImportId"":""QID56""}","{""ImportId"":""QID18""}","{""ImportId"":""QID9""}","{""ImportId"":""QID13""}","{""ImportId"":""QID10""}","{""ImportId"":""QID58""}","{""ImportId"":""QID59_TEXT""}","{""ImportId"":""QID54_FIRST_CLICK""}","{""ImportId"":""QID54_LAST_CLICK""}","{""ImportId"":""QID54_PAGE_SUBMIT""}","{""ImportId"":""QID54_CLICK_COUNT""}","{""ImportId"":""QID34""}","{""ImportId"":""QID35""}","{""ImportId"":""QID36""}","{""ImportId"":""QID37""}","{""ImportId"":""QID38""}","{""ImportId"":""QID39""}","{""ImportId"":""QID40""}","{""ImportId"":""QID41""}","{""ImportId"":""QID42""}","{""ImportId"":""QID43""}","{""ImportId"":""QID44""}","{""ImportId"":""QID45""}","{""ImportId"":""QID46""}","{""ImportId"":""QID47""}","{""ImportId"":""QID48""}","{""ImportId"":""QID49""}","{""ImportId"":""QID50""}","{""ImportId"":""QID51""}","{""ImportId"":""QID52""}","{""ImportId"":""QID53""}","{""ImportId"":""QID64"",""choiceId"":""1""}","{""ImportId"":""QID64"",""choiceId"":""2""}","{""ImportId"":""QID64"",""choiceId"":""3""}","{""ImportId"":""QID64"",""choiceId"":""4""}","{""ImportId"":""QID64"",""choiceId"":""5""}","{""ImportId"":""QID64"",""choiceId"":""6""}","{""ImportId"":""QID65""}","{""ImportId"":""QID67_1""}","{""ImportId"":""QID67_22""}","{""ImportId"":""QID67_23""}","{""ImportId"":""QID67_24""}","{""ImportId"":""QID67_25""}","{""ImportId"":""QID67_26""}","{""ImportId"":""QID67_27""}","{""ImportId"":""QID67_28""}","{""ImportId"":""QID67_29""}","{""ImportId"":""QID67_30""}","{""ImportId"":""QID68_1""}","{""ImportId"":""QID68_41""}","{""ImportId"":""QID68_42""}","{""ImportId"":""QID68_43""}","{""ImportId"":""QID68_44""}","{""ImportId"":""QID69"",""choiceId"":""1""}","{""ImportId"":""QID69"",""choiceId"":""2""}","{""ImportId"":""QID69"",""choiceId"":""3""}","{""ImportId"":""QID69"",""choiceId"":""4""}","{""ImportId"":""QID69"",""choiceId"":""5""}","{""ImportId"":""QID70#1_1""}","{""ImportId"":""QID70#1_2""}","{""ImportId"":""QID70#1_3""}","{""ImportId"":""QID70#1_4""}","{""ImportId"":""QID70#1_5""}","{""ImportId"":""QID70#1_6""}","{""ImportId"":""QID70#1_7""}","{""ImportId"":""QID70#1_8""}","{""ImportId"":""QID70#1_9""}","{""ImportId"":""QID71""}","{""ImportId"":""QID72""}","{""ImportId"":""QID73""}","{""ImportId"":""QID74""}","{""ImportId"":""QID75""}","{""ImportId"":""QID76""}","{""ImportId"":""QID77""}","{""ImportId"":""QID78"",""choiceId"":""1""}","{""ImportId"":""QID78"",""choiceId"":""2""}","{""ImportId"":""QID78"",""choiceId"":""3""}","{""ImportId"":""QID78"",""choiceId"":""4""}","{""ImportId"":""QID78"",""choiceId"":""5""}","{""ImportId"":""QID78"",""choiceId"":""6""}","{""ImportId"":""QID79_1""}","{""ImportId"":""QID79_2""}","{""ImportId"":""QID79_3""}","{""ImportId"":""QID79_4""}","{""ImportId"":""QID79_5""}","{""ImportId"":""QID79_6""}","{""ImportId"":""QID80_1""}","{""ImportId"":""QID81""}","{""ImportId"":""QID82""}","{""ImportId"":""QID83""}","{""ImportId"":""QID84""}","{""ImportId"":""QID85""}","{""ImportId"":""QID86""}","{""ImportId"":""QID87""}","{""ImportId"":""QID88""}","{""ImportId"":""QID89"",""choiceId"":""1""}","{""ImportId"":""QID89"",""choiceId"":""2""}","{""ImportId"":""QID89"",""choiceId"":""3""}","{""ImportId"":""QID89"",""choiceId"":""4""}","{""ImportId"":""QID89"",""choiceId"":""6""}","{""ImportId"":""QID90"",""choiceId"":""1""}","{""ImportId"":""QID90"",""choiceId"":""2""}","{""ImportId"":""QID90"",""choiceId"":""3""}","{""ImportId"":""QID90"",""choiceId"":""4""}","{""ImportId"":""QID90"",""choiceId"":""5""}","{""ImportId"":""QID90"",""choiceId"":""6""}","{""ImportId"":""QID90"",""choiceId"":""7""}","{""ImportId"":""QID91"",""choiceId"":""1""}","{""ImportId"":""QID91"",""choiceId"":""13""}","{""ImportId"":""QID91"",""choiceId"":""14""}","{""ImportId"":""QID91"",""choiceId"":""15""}","{""ImportId"":""QID91"",""choiceId"":""16""}","{""ImportId"":""QID91"",""choiceId"":""17""}","{""ImportId"":""QID91"",""choiceId"":""18""}","{""ImportId"":""QID92"",""choiceId"":""1""}","{""ImportId"":""QID92"",""choiceId"":""2""}","{""ImportId"":""QID92"",""choiceId"":""3""}","{""ImportId"":""QID93""}","{""ImportId"":""QID26_TEXT""}","{""ImportId"":""QID27""}","{""ImportId"":""QID28""}","{""ImportId"":""QID29"",""choiceId"":""1""}","{""ImportId"":""QID29"",""choiceId"":""2""}","{""ImportId"":""QID29"",""choiceId"":""3""}","{""ImportId"":""QID29"",""choiceId"":""4""}","{""ImportId"":""QID29"",""choiceId"":""5""}","{""ImportId"":""QID29"",""choiceId"":""6""}","{""ImportId"":""QID29_6_TEXT""}","{""ImportId"":""QID30""}","{""ImportId"":""QID30_3_TEXT""}","{""ImportId"":""QID31""}","{""ImportId"":""QID31_7_TEXT""}","{""ImportId"":""QID32""}","{""ImportId"":""PROLIFIC_PID""}","{""ImportId"":""randomID""}"
2021-10-27 18:05:17,2021-10-27 18:13:24,1,,100,487,1,2021-10-27 18:13:26,R_2Qha4NNVitSLLgK,,,,,34.14239501953125,-118.125701904296875,preview,EN,1,1,,1,2,1,,3,2,3,1,,,3.199,341.771,345.976,16,2,2,4,4,1,2,4,1,4,4,4,2,4,1,1,1,4,3,1,1,,,,,,,,,,,,,,,,,,,,,,,,,,,,,,,,,,,,,,,,,,,,,,,,,,,,,,,,,,,,,,,,,,,,,,,,,,,,,,,,,,,,,,,,1992,6,1,1,,,,,,,1,,1,,4,,4857
2021-10-27 21:28:35,2021-10-27 21:47:20,0,74.67.45.4,100,1125,1,2021-10-27 21:47:20,R_3q8ORbw3BENO9L2,,,,,42.67010498046875,-73.77539825439453125,anonymous,EN,1,1,,1,2,1,4,3,2,3,1,1,,4.847,4.847,313.385,1,4,4,2,1,3,1,2,2,1,4,3,1,1,1,4,3,2,1,4,3,,,,,,,,,,,,,,,,,,,,,,,,,,,,,,,,,,,,,,,,,,,,,,,,,,,,,,,,,,,,,,,,,,,,,,,,,,,,,,,,,,,,,,,,1988,6,2,,1,,,,,,2,,1,,7,,9069
2021-10-27 21:44:28,2021-10-27 21:54:38,0,163.123.222.62,100,609,1,2021-10-27 21:54:38,R_eP5078Aa1xVwUVj,,,,,39.3408050537109375,-76.40779876708984375,anonymous,EN,1,1,,1,2,1,4,3,2,3,1,1,no,3.378,404.75,405.866,5,3,3,3,3,3,2,4,3,3,3,3,4,3,3,3,2,3,3,3,2,,,,,,,,,,,,,,,,,,,,,,,,,,,,,,,,,,,,,,,,,,,,,,,,,,,,,,,,,,,,,,,,,,,,,,,,,,,,,,,,,,,,,,,,1985,5,2,1,,,,,,,1,,1,,11,,9248
2021-10-27 21:26:20,2021-10-27 22:02:25,0,45.41.224.54,100,2165,1,2021-10-27 22:02:26,R_2xKoYvAmQdCtFXP,,,,,36.038299560546875,-115.14459991455078125,anonymous,EN,1,1,,1,2,1,4,3,2,3,1,1,very interest in the survey happy moment,2.868,356.686,1837.478,13,2,2,2,3,3,2,4,2,3,2,2,2,3,2,2,2,4,3,2,2,,,,,,,,,,,,,,,,,,,,,,,,,,,,,,,,,,,,,,,,,,,,,,,,,,,,,,,,,,,,,,,,,,,,,,,,,,,,,,,,,,,,,,,,1975,6,1,1,,,,,,,2,,2,,4,,8416
2021-10-27 21:38:47,2021-10-27 22:02:35,0,77.111.246.37,100,1427,1,2021-10-27 22:02:35,R_2f6CPEgvjqVHGaV,,,,,37.751007080078125,-97.82199859619140625,anonymous,EN,1,1,,1,2,1,4,3,2,3,1,1,,2.762,341.292,347.867,9,3,4,3,3,2,3,1,2,1,2,2,2,2,3,2,2,1,3,2,3,,,,,,,,,,,,,,,,,,,,,,,,,,,,,,,,,,,,,,,,,,,,,,,,,,,,,,,,,,,,,,,,,,,,,,,,,,,,,,,,,,,,,,,,2000,3,1,1,,,,,,,1,,1,,2,,5102
2021-10-27 21:34:32,2021-10-27 22:07:15,0,171.61.144.100,100,1962,1,2021-10-27 22:07:16,R_1rf98tYURhZMbKN,,,,,12.89959716796875,80.22088623046875,anonymous,EN,1,1,,1,2,1,4,3,2,3,1,1,NO,3.442,121.863,339.963,4,2,2,3,2,3,1,2,3,1,3,4,1,1,1,4,3,1,1,2,3,,,,,,,,,,,,,,,,,,,,,,,,,,,,,,,,,,,,,,,,,,,,,,,,,,,,,,,,,,,,,,,,,,,,,,,,,,,,,,,,,,,,,,,,1992,5,2,,,,1,,,,1,,1,,3,,2347
2021-10-27 21:27:50,2021-10-27 22:07:55,0,73.138.89.99,100,2405,1,2021-10-27 22:07:55,R_30hMUy4NZfPwmtE,,,,,26.1522064208984375,-80.31529998779296875,anonymous,EN,1,1,,1,2,1,4,3,2,3,1,1,"Unfortunately the game did not work for me, I did the update several times and nothing, also the paddle did not work either",66.813,535.503,541.857,6,3,4,1,1,3,1,1,4,2,4,4,1,1,1,4,4,1,1,4,4,,,,,,,,,,,,,,,,,,,,,,,,,,,,,,,,,,,,,,,,,,,,,,,,,,,,,,,,,,,,,,,,,,,,,,,,,,,,,,,,,,,,,,,,1985,6,2,1,,,,,,,2,,1,,4,,6499
2021-10-27 21:28:41,2021-10-27 22:10:14,0,208.203.212.69,100,2493,1,2021-10-27 22:10:15,R_2RQQRstOAqwqR9o,,,,,39.9844970703125,-75.58599853515625,anonymous,EN,1,1,,1,2,1,4,3,2,3,1,1,technical issues,335.806,336.11,348.474,2,1,4,1,1,1,4,2,1,1,3,1,1,1,1,1,1,1,1,1,1,,,,,,,,,,,,,,,,,,,,,,,,,,,,,,,,,,,,,,,,,,,,,,,,,,,,,,,,,,,,,,,,,,,,,,,,,,,,,,,,,,,,,,,,1986,5,2,1,,,,,,,1,,1,,5,,1592
2021-10-27 22:01:51,2021-10-27 22:26:54,0,138.185.5.54,100,1503,1,2021-10-27 22:26:55,R_3HB4cdXLHw7V5nW,,,,,-22.1782989501953125,-47.3426971435546875,anonymous,EN,1,1,,1,2,1,4,3,2,3,1,1,"Some combinations didn't work, especially the ones that went cherry.",38.922,876.361,877.713,2,2,2,4,3,2,4,3,2,2,2,2,4,4,3,1,2,3,3,2,2,,,,,,,,,,,,,,,,,,,,,,,,,,,,,,,,,,,,,,,,,,,,,,,,,,,,,,,,,,,,,,,,,,,,,,,,,,,,,,,,,,,,,,,,1975,5,1,1,,,,,,,2,,1,,5,,3188
2021-10-27 22:19:30,2021-10-27 22:30:38,0,206.54.198.154,100,667,1,2021-10-27 22:30:38,R_abBkdrb6ZjBXZ0B,,,,,29.5720062255859375,-95.54000091552734375,anonymous,EN,1,1,,1,2,1,4,3,2,3,1,1,,2.351,2.351,362.675,1,3,4,1,1,4,1,1,3,1,4,3,1,1,1,3,4,1,1,4,2,,,,,,,,,,,,,,,,,,,,,,,,,,,,,,,,,,,,,,,,,,,,,,,,,,,,,,,,,,,,,,,,,,,,,,,,,,,,,,,,,,,,,,,,1990,4,2,1,,,,,,,2,,1,,5,,5033
2021-10-27 22:15:24,2021-10-27 22:31:57,0,68.13.241.158,100,992,1,2021-10-27 22:31:57,R_3KJg2XoQUdg6joo,,,,,36.0605926513671875,-95.9456024169921875,anonymous,EN,1,1,,1,2,1,4,3,2,3,1,1,,2.483,656.704,657.563,2,2,2,3,2,2,2,3,2,1,2,1,3,2,3,2,1,2,2,2,1,,,,,,,,,,,,,,,,,,,,,,,,,,,,,,,,,,,,,,,,,,,,,,,,,,,,,,,,,,,,,,,,,,,,,,,,,,,,,,,,,,,,,,,,1990,2,,1,,,,,,,2,,1,,7,,9840
2021-10-27 22:11:54,2021-10-27 22:43:14,0,63.75.240.67,100,1880,1,2021-10-27 22:43:15,R_3CCWDXk5acnUae3,,,,,43.4322967529296875,-124.213104248046875,anonymous,EN,1,1,,1,2,1,4,3,2,3,1,1,none,2.768,118.239,421.756,2,3,2,2,3,3,2,3,4,3,3,2,3,2,4,2,2,3,2,3,2,,,,,,,,,,,,,,,,,,,,,,,,,,,,,,,,,,,,,,,,,,,,,,,,,,,,,,,,,,,,,,,,,,,,,,,,,,,,,,,,,,,,,,,,1995,5,2,1,,,,,,,1,,2,,6,,1462
2021-10-27 22:15:35,2021-10-27 22:45:12,0,216.250.251.132,100,1777,1,2021-10-27 22:45:13,R_Abs8y4VSrjCtt8R,,,,,45.4817047119140625,-122.4156036376953125,anonymous,EN,1,1,,1,2,1,4,3,2,3,1,1,NO,2.118,966.091,974.854,3,3,3,2,3,3,4,3,2,3,3,4,3,4,3,2,4,3,3,4,2,,,,,,,,,,,,,,,,,,,,,,,,,,,,,,,,,,,,,,,,,,,,,,,,,,,,,,,,,,,,,,,,,,,,,,,,,,,,,,,,,,,,,,,,1971,5,2,1,,,,,,,1,,1,,3,,8966
2021-10-27 21:59:21,2021-10-27 22:48:15,0,147.124.213.125,100,2933,1,2021-10-27 22:48:15,R_3po36yaBq3YGwFV,,,,,32.776702880859375,-96.80500030517578125,anonymous,EN,1,1,,1,2,1,4,3,2,3,1,1,"no ",3.016,342.747,346.005,2,4,4,3,4,3,4,4,3,4,3,4,2,4,1,3,3,3,3,4,4,,,,,,,,,,,,,,,,,,,,,,,,,,,,,,,,,,,,,,,,,,,,,,,,,,,,,,,,,,,,,,,,,,,,,,,,,,,,,,,,,,,,,,,,1984,5,1,,1,,,,,,1,,1,,10,,7150
2021-10-27 22:16:33,2021-10-27 22:48:24,0,154.13.48.89,100,1911,1,2021-10-27 22:48:25,R_6YAGWpg2rG7CCFH,,,,,40.82049560546875,-73.91829681396484375,anonymous,EN,1,1,,1,2,1,4,3,2,3,1,1,no,5.183,343.07,347.225,2,2,3,3,4,3,4,2,3,3,3,4,3,3,3,4,3,3,4,4,2,,,,,,,,,,,,,,,,,,,,,,,,,,,,,,,,,,,,,,,,,,,,,,,,,,,,,,,,,,,,,,,,,,,,,,,,,,,,,,,,,,,,,,,,1973,5,1,1,,,,,,,2,,1,,9,,8315
2021-10-27 22:12:13,2021-10-27 22:52:41,0,196.17.64.50,100,2427,1,2021-10-27 22:52:42,R_1dMNDMHxww6Wv9e,,,,,34.0543975830078125,-118.2440948486328125,anonymous,EN,1,1,,1,2,1,4,3,2,3,1,1,,13.199,517.783,836.624,3,2,3,4,2,1,2,2,3,3,3,3,1,1,1,3,3,2,4,1,2,,,,,,,,,,,,,,,,,,,,,,,,,,,,,,,,,,,,,,,,,,,,,,,,,,,,,,,,,,,,,,,,,,,,,,,,,,,,,,,,,,,,,,,,1990,6,2,1,,,,,,,2,,1,,2,,8310
2021-10-27 22:28:24,2021-10-27 22:56:54,0,70.179.46.77,100,1709,1,2021-10-27 22:56:54,R_bvgHF8vv4V9Et1f,,,,,32.7637939453125,-117.06999969482421875,anonymous,EN,1,1,,1,2,1,4,3,2,3,1,1,"Its literally bugged, I am definitely inputting the correct combinations and trying even more combinations afterwards and it still wont move the ice cream out of the queue. I tried refreshing and it did the same thing to even the simplest of orders. It worked for a little but broke after 4/20 when it gave me an empty ice cream spot. I could submit the empty ice cream spot, but not the combination of ice cream. Also the sprinkles are super small to see the color. I made it to 4/20 with 6 points before it stalled, then I kept refreshing, starting me from 1/20 and it still wouldn't submit.",3.539,407.444,445.707,7,2,2,3,2,1,2,2,1,1,2,2,1,3,1,2,2,1,3,3,2,,,,,,,,,,,,,,,,,,,,,,,,,,,,,,,,,,,,,,,,,,,,,,,,,,,,,,,,,,,,,,,,,,,,,,,,,,,,,,,,,,,,,,,,1993,3,1,,,,1,,1,Indian/Iranian/Salvadoran,1,,4,,3,,2347
2021-10-27 22:13:05,2021-10-27 22:57:09,0,157.46.89.216,100,2644,1,2021-10-27 22:57:10,R_2THpq54QT1QdKTc,,,,,11.0142059326171875,76.994110107421875,anonymous,EN,1,1,,1,2,1,4,3,2,3,1,1,i faced some technical difficulties,8.792,652.354,663.297,4,3,2,2,3,3,2,3,4,2,3,4,2,2,3,4,3,1,3,3,4,,,,,,,,,,,,,,,,,,,,,,,,,,,,,,,,,,,,,,,,,,,,,,,,,,,,,,,,,,,,,,,,,,,,,,,,,,,,,,,,,,,,,,,,1982,5,2,,,,1,,,,2,,2,,5,,9349
2021-10-27 23:00:44,2021-10-27 23:11:12,0,72.166.30.2,100,628,1,2021-10-27 23:11:13,R_2SAJyct0kZu4HfM,,,,,39.045196533203125,-94.718902587890625,anonymous,EN,1,1,,1,2,1,4,3,2,3,1,1,The biggest challenge of the game is that the ice cream cone targets we are supposed to make are so tiny that it's incredibly difficult to tell which sprinkles we're supposed to use.,3.477,309.745,340.584,2,2,2,3,3,2,3,2,2,1,2,2,3,1,3,2,2,3,3,2,2,,,,,,,,,,,,,,,,,,,,,,,,,,,,,,,,,,,,,,,,,,,,,,,,,,,,,,,,,,,,,,,,,,,,,,,,,,,,,,,,,,,,,,,,1986,5,2,1,,,,,,,1,,1,,9,,3308
2021-10-27 22:57:01,2021-10-27 23:22:09,0,179.246.214.50,100,1508,1,2021-10-27 23:22:09,R_1il2lIHXK6XbZAo,,,,,-23.6282958984375,-46.640899658203125,anonymous,EN,1,1,,1,2,1,4,3,2,3,1,1,,5.023,542.035,543.55,5,2,2,1,2,3,2,2,1,1,2,1,2,1,3,2,2,1,3,2,1,,,,,,,,,,,,,,,,,,,,,,,,,,,,,,,,,,,,,,,,,,,,,,,,,,,,,,,,,,,,,,,,,,,,,,,,,,,,,,,,,,,,,,,,2002,2,2,1,,,,,,,1,,2,,1,,6946
2021-10-27 23:08:04,2021-10-27 23:22:26,0,196.17.66.1,100,862,1,2021-10-27 23:22:26,R_p9HyNhbgqPGkrwB,,,,,34.0543975830078125,-118.2440948486328125,anonymous,EN,1,1,,1,2,1,4,3,2,3,1,1,No,1.906,356.056,363.792,3,4,3,4,1,4,1,4,1,1,4,3,1,1,1,3,4,1,1,2,3,,,,,,,,,,,,,,,,,,,,,,,,,,,,,,,,,,,,,,,,,,,,,,,,,,,,,,,,,,,,,,,,,,,,,,,,,,,,,,,,,,,,,,,,1995,5,2,1,,,,,,,1,,1,,5,,6760
2021-10-27 22:56:42,2021-10-27 23:23:08,0,208.203.212.104,100,1586,1,2021-10-27 23:23:09,R_3nCNyHt7DV6Lg8Z,,,,,39.9844970703125,-75.58599853515625,anonymous,EN,1,1,,1,2,1,4,3,2,3,1,1,nice,2.44,18.204,362.09,3,4,2,2,3,3,4,3,4,2,3,3,2,1,2,2,4,3,2,2,4,,,,,,,,,,,,,,,,,,,,,,,,,,,,,,,,,,,,,,,,,,,,,,,,,,,,,,,,,,,,,,,,,,,,,,,,,,,,,,,,,,,,,,,,1979,6,2,1,,,,,,,2,,1,,3,,5595
2021-10-27 23:02:55,2021-10-27 23:25:19,0,155.186.221.48,100,1344,1,2021-10-27 23:25:20,R_1eXlQB8zhRpzLhI,,,,,33.3708038330078125,-84.815399169921875,anonymous,EN,1,1,,1,2,1,4,3,2,3,1,1,,5.803,5.803,355.795,1,1,4,4,4,1,4,1,1,1,1,4,1,1,1,1,1,1,1,4,1,,,,,,,,,,,,,,,,,,,,,,,,,,,,,,,,,,,,,,,,,,,,,,,,,,,,,,,,,,,,,,,,,,,,,,,,,,,,,,,,,,,,,,,,1974,3,2,1,,,,,,,1,,1,,5,,1602
2021-10-27 23:21:32,2021-10-27 23:37:29,0,170.75.155.45,100,957,1,2021-10-27 23:37:30,R_AdkyXBsiwkVRE1H,,,,,35.231597900390625,-80.84279632568359375,anonymous,EN,1,1,,1,2,1,4,3,2,3,1,1,nice,2.512,491.747,493.396,4,3,2,3,3,3,2,2,3,3,3,2,3,3,2,3,3,3,2,3,3,,,,,,,,,,,,,,,,,,,,,,,,,,,,,,,,,,,,,,,,,,,,,,,,,,,,,,,,,,,,,,,,,,,,,,,,,,,,,,,,,,,,,,,,1996,5,2,1,,,,,,,2,,1,,4,,6942
2021-10-27 23:25:59,2021-10-27 23:42:12,0,207.255.130.97,100,973,1,2021-10-27 23:42:13,R_PAMSdXlfUriwJqN,,,,,40.507598876953125,-78.3925018310546875,anonymous,EN,1,1,,1,2,1,4,3,2,3,1,1,,574.725,574.725,583.83,1,1,2,3,2,1,2,2,1,1,1,1,3,1,2,1,1,2,2,2,2,,,,,,,,,,,,,,,,,,,,,,,,,,,,,,,,,,,,,,,,,,,,,,,,,,,,,,,,,,,,,,,,,,,,,,,,,,,,,,,,,,,,,,,,1986,5,2,1,,,,,,,1,,1,,1,,6566
2021-10-27 22:58:23,2021-10-27 23:43:21,0,23.226.29.82,100,2697,1,2021-10-27 23:43:21,R_1r1Ul6lCzadGr3S,,,,,40.1667938232421875,-74.49590301513671875,anonymous,EN,1,1,,1,2,1,4,3,2,3,1,1," more technical issues in that page",24.317,1830.492,1833.35,17,2,2,2,2,2,2,3,2,3,3,2,3,2,3,2,3,2,3,2,3,,,,,,,,,,,,,,,,,,,,,,,,,,,,,,,,,,,,,,,,,,,,,,,,,,,,,,,,,,,,,,,,,,,,,,,,,,,,,,,,,,,,,,,,2000,6,1,1,,,,,,,2,,2,,8,,7795
2021-10-27 23:18:57,2021-10-27 23:44:16,0,162.210.148.102,100,1518,1,2021-10-27 23:44:16,R_2CymTPVrZJ6zGVQ,,,,,35.9015045166015625,-100.382598876953125,anonymous,EN,1,1,,1,2,1,4,3,2,3,1,1,None,6.064,878.084,883.794,4,4,3,4,3,4,2,3,3,3,3,4,2,3,2,2,3,2,3,3,4,,,,,,,,,,,,,,,,,,,,,,,,,,,,,,,,,,,,,,,,,,,,,,,,,,,,,,,,,,,,,,,,,,,,,,,,,,,,,,,,,,,,,,,,1980,5,1,1,,,,,,,1,,1,,6,,6033
2021-10-27 23:19:57,2021-10-27 23:46:46,0,71.58.90.56,100,1609,1,2021-10-27 23:46:46,R_1pN0TmWcP3zAhEx,,,,,40.810302734375,-77.88800048828125,anonymous,EN,1,1,,1,2,1,4,3,2,3,1,1,"So hard to see the sprinkles that I spent most of my time unable to figure it out. ",3.241,510.74,530.403,2,1,1,4,4,1,4,4,1,1,1,1,3,3,2,1,1,2,3,1,1,,,,,,,,,,,,,,,,,,,,,,,,,,,,,,,,,,,,,,,,,,,,,,,,,,,,,,,,,,,,,,,,,,,,,,,,,,,,,,,,,,,,,,,,1987,6,2,1,,,,,,,2,,1,,7,,2165
2021-10-28 00:13:04,2021-10-28 00:24:26,0,216.173.101.122,100,682,1,2021-10-28 00:24:27,R_1hGu9ijqmgPQwW2,,,,,44.01849365234375,-121.29840087890625,anonymous,EN,1,1,,1,2,1,4,3,2,3,1,1,very difficult,2.622,521.027,528.87,3,3,2,3,2,2,3,2,3,3,3,2,3,2,3,2,3,2,3,2,3,,,,,,,,,,,,,,,,,,,,,,,,,,,,,,,,,,,,,,,,,,,,,,,,,,,,,,,,,,,,,,,,,,,,,,,,,,,,,,,,,,,,,,,,1957,5,2,1,,,,,,,1,,2,,8,,5772
2021-10-27 23:52:19,2021-10-28 00:24:43,0,47.135.5.14,100,1944,1,2021-10-28 00:24:43,R_21h1iQFd80uqWFM,,,,,35.753204345703125,-81.3264007568359375,anonymous,EN,1,1,,1,2,1,4,3,2,3,1,1,no.it is the first time to me.i will reach that goal,15.924,69.972,441.813,6,4,4,1,2,4,1,1,3,3,4,4,1,3,3,4,4,1,1,2,4,,,,,,,,,,,,,,,,,,,,,,,,,,,,,,,,,,,,,,,,,,,,,,,,,,,,,,,,,,,,,,,,,,,,,,,,,,,,,,,,,,,,,,,,1990,5,2,1,,,,,,,1,,2,,4,,9180
2021-10-28 00:20:43,2021-10-28 00:47:58,0,186.212.74.191,100,1634,1,2021-10-28 00:47:59,R_24uzg98Wo2HnaxQ,,,,,-23.378692626953125,-51.9488983154296875,anonymous,EN,1,1,,1,2,1,4,3,2,3,1,1,,110.137,384.577,441.786,2,4,3,2,2,3,1,2,3,1,3,3,1,1,2,3,3,2,2,3,4,,,,,,,,,,,,,,,,,,,,,,,,,,,,,,,,,,,,,,,,,,,,,,,,,,,,,,,,,,,,,,,,,,,,,,,,,,,,,,,,,,,,,,,,1991,3,1,1,,,,,,,1,,2,,5,,9134
2021-10-28 00:29:20,2021-10-28 00:56:39,0,104.251.223.218,100,1639,1,2021-10-28 00:56:39,R_2pREPgQU1tocWu5,,,,,32.8137054443359375,-96.87039947509765625,anonymous,EN,1,1,,1,2,1,4,3,2,3,1,1,No,5.568,891.309,895.804,3,3,4,3,4,3,3,4,4,3,4,3,1,2,4,2,3,2,3,4,3,,,,,,,,,,,,,,,,,,,,,,,,,,,,,,,,,,,,,,,,,,,,,,,,,,,,,,,,,,,,,,,,,,,,,,,,,,,,,,,,,,,,,,,,1988,6,2,1,,,,,,,1,,1,,8,,2801
2021-10-28 01:28:29,2021-10-28 01:40:33,0,65.190.245.108,100,724,1,2021-10-28 01:40:34,R_3QGlVX3sS2XT0cz,,,,,36.032196044921875,-79.85880279541015625,anonymous,EN,1,1,,1,2,1,4,3,2,3,1,1,"I had no problems, thank you.",2.709,418.972,426.839,2,4,4,1,1,4,1,1,4,1,4,4,1,1,1,4,4,1,1,4,3,,,,,,,,,,,,,,,,,,,,,,,,,,,,,,,,,,,,,,,,,,,,,,,,,,,,,,,,,,,,,,,,,,,,,,,,,,,,,,,,,,,,,,,,1982,5,2,1,,,,,,,1,,1,,3,,3863
2021-10-28 02:31:31,2021-10-28 02:57:32,0,98.242.38.121,100,1560,1,2021-10-28 02:57:32,R_3q9BpTOMaMeV7YE,,,,,37.675201416015625,-120.946502685546875,anonymous,EN,1,1,,1,2,1,4,3,2,3,1,1,,2.933,2.933,761.592,1,3,3,1,1,3,1,1,2,1,3,3,1,1,1,3,3,1,1,3,3,,,,,,,,,,,,,,,,,,,,,,,,,,,,,,,,,,,,,,,,,,,,,,,,,,,,,,,,,,,,,,,,,,,,,,,,,,,,,,,,,,,,,,,,1988,4,2,1,,,,,,,1,,1,,6,,6437
2021-10-27 21:26:37,2021-10-27 21:32:42,0,73.225.165.65,29,364,0,2021-11-03 21:32:45,R_1l6qUoYakFvnzWE,,,,,,,anonymous,EN,1,1,,1,2,1,4,3,2,3,1,1,,,,,,,,,,,,,,,,,,,,,,,,,,,,,,,,,,,,,,,,,,,,,,,,,,,,,,,,,,,,,,,,,,,,,,,,,,,,,,,,,,,,,,,,,,,,,,,,,,,,,,,,,,,,,,,,,,,,,,,,,,,,,,,,,6986
2021-10-27 21:27:31,2021-10-27 21:39:53,0,179.183.181.192,29,742,0,2021-11-03 21:39:54,R_T0jL1Mcx5RIwipX,,,,,,,anonymous,EN,1,1,,1,2,1,4,3,2,3,1,1,,,,,,,,,,,,,,,,,,,,,,,,,,,,,,,,,,,,,,,,,,,,,,,,,,,,,,,,,,,,,,,,,,,,,,,,,,,,,,,,,,,,,,,,,,,,,,,,,,,,,,,,,,,,,,,,,,,,,,,,,,,,,,,,,5086
2021-10-27 21:28:03,2021-10-27 21:42:42,0,73.34.51.238,29,879,0,2021-11-03 21:42:43,R_1fZ5CTXekYlIWAr,,,,,,,anonymous,EN,1,1,,1,2,1,4,3,2,3,1,1,,,,,,,,,,,,,,,,,,,,,,,,,,,,,,,,,,,,,,,,,,,,,,,,,,,,,,,,,,,,,,,,,,,,,,,,,,,,,,,,,,,,,,,,,,,,,,,,,,,,,,,,,,,,,,,,,,,,,,,,,,,,,,,,,5087
2021-10-27 21:39:03,2021-10-27 21:50:37,0,208.195.16.14,29,693,0,2021-11-03 21:50:39,R_3dMkNYW9HyRdSmL,,,,,,,anonymous,EN,1,1,,1,2,1,4,3,2,3,1,1,,,,,,,,,,,,,,,,,,,,,,,,,,,,,,,,,,,,,,,,,,,,,,,,,,,,,,,,,,,,,,,,,,,,,,,,,,,,,,,,,,,,,,,,,,,,,,,,,,,,,,,,,,,,,,,,,,,,,,,,,,,,,,,,,1392
2021-10-27 21:32:10,2021-10-27 22:02:14,0,23.177.176.73,29,1803,0,2021-11-03 22:02:16,R_2AFRj3OzB2mYCAk,,,,,,,anonymous,EN,1,1,,1,2,1,4,3,2,3,1,1,,,,,,,,,,,,,,,,,,,,,,,,,,,,,,,,,,,,,,,,,,,,,,,,,,,,,,,,,,,,,,,,,,,,,,,,,,,,,,,,,,,,,,,,,,,,,,,,,,,,,,,,,,,,,,,,,,,,,,,,,,,,,,,,,2272
2021-10-27 21:45:52,2021-10-27 22:02:21,0,208.203.212.158,29,989,0,2021-11-03 22:02:24,R_3MN0mS5DkAJ8V6p,,,,,,,anonymous,EN,1,1,,1,2,1,4,3,2,3,1,1,,,,,,,,,,,,,,,,,,,,,,,,,,,,,,,,,,,,,,,,,,,,,,,,,,,,,,,,,,,,,,,,,,,,,,,,,,,,,,,,,,,,,,,,,,,,,,,,,,,,,,,,,,,,,,,,,,,,,,,,,,,,,,,,,2983
2021-10-27 21:26:11,2021-10-27 22:04:27,0,75.41.166.226,29,2296,0,2021-11-03 22:04:29,R_2YGsUKj6GHyXvnE,,,,,,,anonymous,EN,1,1,,1,2,1,4,3,2,3,1,1,,,,,,,,,,,,,,,,,,,,,,,,,,,,,,,,,,,,,,,,,,,,,,,,,,,,,,,,,,,,,,,,,,,,,,,,,,,,,,,,,,,,,,,,,,,,,,,,,,,,,,,,,,,,,,,,,,,,,,,,,,,,,,,,,5694
2021-10-27 21:56:34,2021-10-27 22:10:34,0,208.195.27.229,36,840,0,2021-11-03 22:10:35,R_32Xgnm19QrE5Xb4,,,,,,,anonymous,EN,1,1,,1,2,1,4,3,2,3,1,1,"Yes.The game did not work ",2.947,442.994,474.708,2,,,,,,,,,,,,,,,,,,,,,,,,,,,,,,,,,,,,,,,,,,,,,,,,,,,,,,,,,,,,,,,,,,,,,,,,,,,,,,,,,,,,,,,,,,,,,,,,,,,,,,,,,,,,,,,,,,,,,,,,,,,,8869
2021-10-27 21:43:39,2021-10-27 22:16:53,0,45.41.224.31,29,1994,0,2021-11-03 22:16:54,R_3en23Qb2VJRfbHR,,,,,,,anonymous,EN,1,1,,1,2,1,4,3,2,3,1,1,,,,,,,,,,,,,,,,,,,,,,,,,,,,,,,,,,,,,,,,,,,,,,,,,,,,,,,,,,,,,,,,,,,,,,,,,,,,,,,,,,,,,,,,,,,,,,,,,,,,,,,,,,,,,,,,,,,,,,,,,,,,,,,,,6613
2021-10-27 21:30:08,2021-10-27 22:18:20,0,163.123.220.16,29,2892,0,2021-11-03 22:18:21,R_3G9zdEuTHcANUAa,,,,,,,anonymous,EN,1,1,,1,2,1,4,3,2,3,1,1,,,,,,,,,,,,,,,,,,,,,,,,,,,,,,,,,,,,,,,,,,,,,,,,,,,,,,,,,,,,,,,,,,,,,,,,,,,,,,,,,,,,,,,,,,,,,,,,,,,,,,,,,,,,,,,,,,,,,,,,,,,,,,,,,9639
2021-10-27 21:58:22,2021-10-27 22:19:18,0,108.175.178.141,29,1255,0,2021-11-03 22:19:21,R_2ANN7kuvRUsLXxw,,,,,,,anonymous,EN,1,1,,1,2,1,4,3,2,3,1,1,,,,,,,,,,,,,,,,,,,,,,,,,,,,,,,,,,,,,,,,,,,,,,,,,,,,,,,,,,,,,,,,,,,,,,,,,,,,,,,,,,,,,,,,,,,,,,,,,,,,,,,,,,,,,,,,,,,,,,,,,,,,,,,,,2626
2021-10-27 21:45:47,2021-10-27 22:22:31,0,24.95.181.46,29,2203,0,2021-11-03 22:22:31,R_TvyNJxp4kIQH5VD,,,,,,,anonymous,EN,1,1,,1,2,1,4,3,2,3,1,1,,,,,,,,,,,,,,,,,,,,,,,,,,,,,,,,,,,,,,,,,,,,,,,,,,,,,,,,,,,,,,,,,,,,,,,,,,,,,,,,,,,,,,,,,,,,,,,,,,,,,,,,,,,,,,,,,,,,,,,,,,,,,,,,,7430
2021-10-27 22:11:32,2021-10-27 22:27:35,0,49.37.220.86,29,962,0,2021-11-03 22:27:35,R_3puvkALERfMXPl3,,,,,,,anonymous,EN,1,1,,1,2,1,4,3,2,3,1,1,,,,,,,,,,,,,,,,,,,,,,,,,,,,,,,,,,,,,,,,,,,,,,,,,,,,,,,,,,,,,,,,,,,,,,,,,,,,,,,,,,,,,,,,,,,,,,,,,,,,,,,,,,,,,,,,,,,,,,,,,,,,,,,,,4452
2021-10-27 22:33:31,2021-10-27 22:40:51,0,163.123.220.121,29,439,0,2021-11-03 22:40:53,R_3PbQ1ErackVq53t,,,,,,,anonymous,EN,1,1,,1,2,1,4,3,2,3,1,1,,,,,,,,,,,,,,,,,,,,,,,,,,,,,,,,,,,,,,,,,,,,,,,,,,,,,,,,,,,,,,,,,,,,,,,,,,,,,,,,,,,,,,,,,,,,,,,,,,,,,,,,,,,,,,,,,,,,,,,,,,,,,,,,,1319
2021-10-27 22:38:09,2021-10-27 22:41:00,0,68.110.70.163,7,171,0,2021-11-03 22:41:01,R_VVJ6SxKjUzSNgtP,,,,,,,anonymous,EN,1,1,,,,,,,,,,,,,,,,,,,,,,,,,,,,,,,,,,,,,,,,,,,,,,,,,,,,,,,,,,,,,,,,,,,,,,,,,,,,,,,,,,,,,,,,,,,,,,,,,,,,,,,,,,,,,,,,,,,,,,,,,,,,,,,,,,,,,,,,,,,3223
2021-10-27 22:11:45,2021-10-27 22:41:04,0,196.17.65.9,29,1759,0,2021-11-03 22:41:12,R_2Cq3PZ73YYMUmEc,,,,,,,anonymous,EN,1,1,,1,2,1,4,3,2,3,1,1,,,,,,,,,,,,,,,,,,,,,,,,,,,,,,,,,,,,,,,,,,,,,,,,,,,,,,,,,,,,,,,,,,,,,,,,,,,,,,,,,,,,,,,,,,,,,,,,,,,,,,,,,,,,,,,,,,,,,,,,,,,,,,,,,1300
2021-10-27 22:13:08,2021-10-27 22:46:32,0,140.228.29.40,36,2003,0,2021-11-03 22:46:32,R_OdkCqziIsFHTrln,,,,,,,anonymous,EN,1,1,,1,2,1,4,3,2,3,1,1,,26.785,26.785,348.314,1,,,,,,,,,,,,,,,,,,,,,,,,,,,,,,,,,,,,,,,,,,,,,,,,,,,,,,,,,,,,,,,,,,,,,,,,,,,,,,,,,,,,,,,,,,,,,,,,,,,,,,,,,,,,,,,,,,,,,,,,,,,,2802
2021-10-27 22:06:59,2021-10-27 22:48:42,0,198.14.24.126,29,2503,0,2021-11-03 22:48:42,R_3KZQj2gC68xeOrQ,,,,,,,anonymous,EN,1,1,,1,2,1,4,3,2,3,1,1,,,,,,,,,,,,,,,,,,,,,,,,,,,,,,,,,,,,,,,,,,,,,,,,,,,,,,,,,,,,,,,,,,,,,,,,,,,,,,,,,,,,,,,,,,,,,,,,,,,,,,,,,,,,,,,,,,,,,,,,,,,,,,,,,8496
2021-10-27 22:49:13,2021-10-27 22:50:49,0,49.204.131.67,7,96,0,2021-11-03 22:50:50,R_3MGQwb8KkbLdomB,,,,,,,anonymous,EN,1,1,,,,,,,,,,,,,,,,,,,,,,,,,,,,,,,,,,,,,,,,,,,,,,,,,,,,,,,,,,,,,,,,,,,,,,,,,,,,,,,,,,,,,,,,,,,,,,,,,,,,,,,,,,,,,,,,,,,,,,,,,,,,,,,,,,,,,,,,,,,8722
2021-10-27 22:12:26,2021-10-27 22:56:15,0,200.229.27.116,29,2629,0,2021-11-03 22:56:15,R_3qWnlQgbfNuYhex,,,,,,,anonymous,EN,1,1,,1,2,1,4,3,2,3,1,1,,,,,,,,,,,,,,,,,,,,,,,,,,,,,,,,,,,,,,,,,,,,,,,,,,,,,,,,,,,,,,,,,,,,,,,,,,,,,,,,,,,,,,,,,,,,,,,,,,,,,,,,,,,,,,,,,,,,,,,,,,,,,,,,,3191
2021-10-27 22:56:48,2021-10-27 22:57:09,0,98.10.58.230,7,20,0,2021-11-03 22:57:11,R_3DtGgG24Rzy2ED8,,,,,,,anonymous,EN,1,1,,,,,,,,,,,,,,,,,,,,,,,,,,,,,,,,,,,,,,,,,,,,,,,,,,,,,,,,,,,,,,,,,,,,,,,,,,,,,,,,,,,,,,,,,,,,,,,,,,,,,,,,,,,,,,,,,,,,,,,,,,,,,,,,,,,,,,,,,,,1709
2021-10-27 22:54:38,2021-10-27 22:58:44,0,208.203.211.45,29,245,0,2021-11-03 22:58:44,R_32XGjFSiuRGIhoM,,,,,,,anonymous,EN,1,1,,1,2,1,4,3,2,3,1,1,,,,,,,,,,,,,,,,,,,,,,,,,,,,,,,,,,,,,,,,,,,,,,,,,,,,,,,,,,,,,,,,,,,,,,,,,,,,,,,,,,,,,,,,,,,,,,,,,,,,,,,,,,,,,,,,,,,,,,,,,,,,,,,,,5405
2021-10-27 22:56:50,2021-10-27 23:19:41,0,72.178.230.17,29,1370,0,2021-11-03 23:19:43,R_1OCsSkDhRhBdra4,,,,,,,anonymous,EN,1,1,,1,2,1,4,3,2,3,1,1,,,,,,,,,,,,,,,,,,,,,,,,,,,,,,,,,,,,,,,,,,,,,,,,,,,,,,,,,,,,,,,,,,,,,,,,,,,,,,,,,,,,,,,,,,,,,,,,,,,,,,,,,,,,,,,,,,,,,,,,,,,,,,,,,3815
2021-10-27 23:01:07,2021-10-27 23:25:52,0,155.186.221.48,7,1485,0,2021-11-03 23:25:53,R_vTZERg7W4pjlNlL,,,,,,,anonymous,EN,1,1,,,,,,,,,,,,,,,,,,,,,,,,,,,,,,,,,,,,,,,,,,,,,,,,,,,,,,,,,,,,,,,,,,,,,,,,,,,,,,,,,,,,,,,,,,,,,,,,,,,,,,,,,,,,,,,,,,,,,,,,,,,,,,,,,,,,,,,,,,,6466
2021-10-27 23:06:36,2021-10-27 23:27:47,0,63.75.242.21,29,1271,0,2021-11-03 23:27:48,R_3OcAGPxXMOheVr6,,,,,,,anonymous,EN,1,1,,1,2,1,4,3,2,3,1,1,,,,,,,,,,,,,,,,,,,,,,,,,,,,,,,,,,,,,,,,,,,,,,,,,,,,,,,,,,,,,,,,,,,,,,,,,,,,,,,,,,,,,,,,,,,,,,,,,,,,,,,,,,,,,,,,,,,,,,,,,,,,,,,,,5396
2021-10-27 23:23:07,2021-10-27 23:29:31,0,196.17.66.1,7,383,0,2021-11-03 23:29:35,R_2rimBNauGH3tjqP,,,,,,,anonymous,EN,1,1,,,,,,,,,,,,,,,,,,,,,,,,,,,,,,,,,,,,,,,,,,,,,,,,,,,,,,,,,,,,,,,,,,,,,,,,,,,,,,,,,,,,,,,,,,,,,,,,,,,,,,,,,,,,,,,,,,,,,,,,,,,,,,,,,,,,,,,,,,,3789
2021-10-27 23:26:06,2021-10-27 23:35:41,0,73.51.6.27,29,575,0,2021-11-03 23:35:48,R_ugqjpgaKYDRZW01,,,,,,,anonymous,EN,1,1,,1,2,1,4,3,2,3,1,1,,,,,,,,,,,,,,,,,,,,,,,,,,,,,,,,,,,,,,,,,,,,,,,,,,,,,,,,,,,,,,,,,,,,,,,,,,,,,,,,,,,,,,,,,,,,,,,,,,,,,,,,,,,,,,,,,,,,,,,,,,,,,,,,,6418
2021-10-27 21:38:07,2021-10-27 23:43:13,0,163.123.221.71,29,7506,0,2021-11-03 23:43:16,R_3nBrLqxVVUv9vIa,,,,,,,anonymous,EN,1,1,,1,2,1,4,3,2,3,1,1,,,,,,,,,,,,,,,,,,,,,,,,,,,,,,,,,,,,,,,,,,,,,,,,,,,,,,,,,,,,,,,,,,,,,,,,,,,,,,,,,,,,,,,,,,,,,,,,,,,,,,,,,,,,,,,,,,,,,,,,,,,,,,,,,9110
2021-10-27 23:35:44,2021-10-27 23:48:36,0,102.129.217.62,29,771,0,2021-11-03 23:48:37,R_ac6m2VG2t8weiT7,,,,,,,anonymous,EN,1,1,,1,2,1,4,3,2,3,1,1,,,,,,,,,,,,,,,,,,,,,,,,,,,,,,,,,,,,,,,,,,,,,,,,,,,,,,,,,,,,,,,,,,,,,,,,,,,,,,,,,,,,,,,,,,,,,,,,,,,,,,,,,,,,,,,,,,,,,,,,,,,,,,,,,6603
2021-10-27 23:34:09,2021-10-27 23:52:50,0,185.169.252.156,29,1120,0,2021-11-03 23:52:50,R_3D7nJ4zNdDNu06O,,,,,,,anonymous,EN,1,1,,1,2,1,4,3,2,3,1,1,,,,,,,,,,,,,,,,,,,,,,,,,,,,,,,,,,,,,,,,,,,,,,,,,,,,,,,,,,,,,,,,,,,,,,,,,,,,,,,,,,,,,,,,,,,,,,,,,,,,,,,,,,,,,,,,,,,,,,,,,,,,,,,,,1104
2021-10-27 23:29:36,2021-10-27 23:53:50,0,170.75.148.239,29,1453,0,2021-11-03 23:53:51,R_1jZDZFe8NwKtvUg,,,,,,,anonymous,EN,1,1,,1,2,1,4,3,2,3,1,1,,,,,,,,,,,,,,,,,,,,,,,,,,,,,,,,,,,,,,,,,,,,,,,,,,,,,,,,,,,,,,,,,,,,,,,,,,,,,,,,,,,,,,,,,,,,,,,,,,,,,,,,,,,,,,,,,,,,,,,,,,,,,,,,,8397
2021-10-27 23:45:54,2021-10-28 00:14:14,0,73.228.109.186,29,1700,0,2021-11-04 00:14:17,R_2s775tyQw1Y4vpg,,,,,,,anonymous,EN,1,1,,1,2,1,4,3,2,3,1,1,,,,,,,,,,,,,,,,,,,,,,,,,,,,,,,,,,,,,,,,,,,,,,,,,,,,,,,,,,,,,,,,,,,,,,,,,,,,,,,,,,,,,,,,,,,,,,,,,,,,,,,,,,,,,,,,,,,,,,,,,,,,,,,,,9610
2021-10-28 00:14:36,2021-10-28 00:24:35,0,66.154.98.150,29,598,0,2021-11-04 00:24:35,R_9Zxu681pgHV5ezT,,,,,,,anonymous,EN,1,1,,1,2,1,4,3,2,3,1,1,,,,,,,,,,,,,,,,,,,,,,,,,,,,,,,,,,,,,,,,,,,,,,,,,,,,,,,,,,,,,,,,,,,,,,,,,,,,,,,,,,,,,,,,,,,,,,,,,,,,,,,,,,,,,,,,,,,,,,,,,,,,,,,,,4428
2021-10-27 23:47:15,2021-10-28 00:26:13,0,157.49.252.210,29,2338,0,2021-11-04 00:26:14,R_plOBM4kI51l8RPj,,,,,,,anonymous,EN,1,1,,1,2,1,4,3,2,3,1,1,,,,,,,,,,,,,,,,,,,,,,,,,,,,,,,,,,,,,,,,,,,,,,,,,,,,,,,,,,,,,,,,,,,,,,,,,,,,,,,,,,,,,,,,,,,,,,,,,,,,,,,,,,,,,,,,,,,,,,,,,,,,,,,,,2255
2021-10-28 00:32:51,2021-10-28 00:51:40,0,216.47.34.57,29,1128,0,2021-11-04 00:51:41,R_1FeNJI5sCiSbEAf,,,,,,,anonymous,EN,1,1,,1,2,1,4,3,2,3,1,1,,,,,,,,,,,,,,,,,,,,,,,,,,,,,,,,,,,,,,,,,,,,,,,,,,,,,,,,,,,,,,,,,,,,,,,,,,,,,,,,,,,,,,,,,,,,,,,,,,,,,,,,,,,,,,,,,,,,,,,,,,,,,,,,,5714
2021-10-28 00:58:40,2021-10-28 01:05:16,0,104.251.223.196,29,395,0,2021-11-04 01:05:21,R_qJlNezjlqojoPxT,,,,,,,anonymous,EN,1,1,,1,2,1,4,3,2,3,1,1,,,,,,,,,,,,,,,,,,,,,,,,,,,,,,,,,,,,,,,,,,,,,,,,,,,,,,,,,,,,,,,,,,,,,,,,,,,,,,,,,,,,,,,,,,,,,,,,,,,,,,,,,,,,,,,,,,,,,,,,,,,,,,,,,7300
2021-10-28 01:03:50,2021-10-28 01:14:37,0,45.90.222.51,29,647,0,2021-11-04 01:14:43,R_3J2k31VL5xaZrHl,,,,,,,anonymous,EN,1,1,,1,2,1,4,3,2,3,1,1,,,,,,,,,,,,,,,,,,,,,,,,,,,,,,,,,,,,,,,,,,,,,,,,,,,,,,,,,,,,,,,,,,,,,,,,,,,,,,,,,,,,,,,,,,,,,,,,,,,,,,,,,,,,,,,,,,,,,,,,,,,,,,,,,4159
2021-10-28 01:59:51,2021-10-28 02:01:36,0,82.79.3.154,7,104,0,2021-11-04 02:09:15,R_2alZRadYxThDXOc,,,,,,,anonymous,EN,1,1,,,,,,,,,,,,,,,,,,,,,,,,,,,,,,,,,,,,,,,,,,,,,,,,,,,,,,,,,,,,,,,,,,,,,,,,,,,,,,,,,,,,,,,,,,,,,,,,,,,,,,,,,,,,,,,,,,,,,,,,,,,,,,,,,,,,,,,,,,,6248
2021-10-28 02:50:41,2021-10-28 02:50:52,0,98.242.38.121,7,11,0,2021-11-04 02:50:53,R_T5BrbxmWp2qztqF,,,,,,,anonymous,EN,1,1,,,,,,,,,,,,,,,,,,,,,,,,,,,,,,,,,,,,,,,,,,,,,,,,,,,,,,,,,,,,,,,,,,,,,,,,,,,,,,,,,,,,,,,,,,,,,,,,,,,,,,,,,,,,,,,,,,,,,,,,,,,,,,,,,,,,,,,,,,,8707
2022-01-11 00:56:43,2022-01-11 01:20:16,0,71.47.201.194,100,1412,1,2022-01-11 01:20:17,R_2sWSOm9yEsWC71P,,,,,28.1403961181640625,-80.651397705078125,anonymous,EN,1,1,5c3cc65bfcb87600014b707a,1,2,1,4,3,2,3,1,1,You don't actually tell us what happens if it only has one heart. Really hard to see which sprinkles are on the ice cream.,5.589,468.276,486.267,3,4,3,1,1,3,1,1,2,1,3,3,1,1,1,3,3,1,1,3,3,,,,1,1,,6,2,2,2,2,2,2,4,2,2,2,3,4,3,4,4,1,1,,,,1,2,1,2,2,2,1,2,1,3,2,1,2,2,1,2,1,1,1,1,1,1,4,3,3,3,4,3,6,1,1,1,1,3,3,1,2,1,,,,,1,,,,,,,1,,,,,,,1,,,1,1977,4,2,1,,,,,,,1,,1,,7,5c3cc65bfcb87600014b707a,5157
2022-01-11 01:14:32,2022-01-11 01:34:05,0,169.237.235.65,100,1172,1,2022-01-11 01:34:05,R_1H2KGv4eaiVHvah,,,,,38.5558929443359375,-121.739105224609375,anonymous,EN,1,1,5e68194d69f4cf0d24341331,1,2,1,4,3,2,3,1,1,,7.836,508.947,510.333,2,4,3,1,1,3,1,2,2,1,3,3,2,1,1,4,4,1,1,2,4,,,,,1,,3,2,2,1,1,1,2,4,1,1,2,5,4,2,5,2,1,,,,,1,1,2,1,1,2,1,1,1,2,1,1,2,1,4,2,,1,1,,1,1,2,5,5,5,3,4,6,4,3,3,2,3,3,1,2,1,,,,,1,,,,,,,1,,,,,,,1,,,1,1992,5,2,,,,1,,,,1,,1,,9,5e68194d69f4cf0d24341331,9046
2022-01-11 01:19:04,2022-01-11 01:35:19,0,174.240.89.127,100,974,1,2022-01-11 01:35:19,R_x6gf9pbKXIIFMFb,,,,,38.6620025634765625,-90.28890228271484375,anonymous,EN,1,1,5d82dce291fa480016305897,1,2,1,4,3,2,3,1,1,,4.177,310.455,311.462,5,3,3,1,1,3,1,1,3,1,3,2,1,1,1,3,3,1,1,3,3,,1,,,,,2,2,2,2,2,2,2,2,2,2,2,4,4,4,4,4,1,,,,,1,2,1,2,2,2,2,2,1,3,3,1,2,2,1,1,1,1,1,1,1,1,5,4,4,4,4,4,6,5,1,1,1,3,3,1,2,1,,,,,1,,,,,,,1,,,,,,,1,,,1,1999,3,2,1,,,,,,,2,,1,,11,5d82dce291fa480016305897,4997
2022-01-11 01:21:04,2022-01-11 01:35:33,0,98.121.31.40,100,869,1,2022-01-11 01:35:34,R_D64EMBpdP2xjrDr,,,,,35.7613983154296875,-78.60150146484375,anonymous,EN,1,1,5dd05b3a381b6714036968f7,1,2,1,4,3,2,3,1,1,,6.938,382.216,386.738,2,4,4,1,1,4,1,2,3,1,4,3,1,1,2,4,3,2,1,3,4,,1,1,,,,6,1,1,2,2,2,3,3,2,1,2,5,4,4,5,5,,1,1,,,1,2,2,2,2,2,1,2,1,5,4,1,1,2,1,2,1,,1,1,1,1,5,4,4,5,5,3,8,3,1,1,1,2,2,1,2,1,,,,,1,,,,,,,1,,,,,,,1,,,1,2000,3,2,,,,1,,,,2,,7,Student,4,5dd05b3a381b6714036968f7,8019
2022-01-11 01:14:39,2022-01-11 01:35:41,0,45.49.81.35,100,1261,1,2022-01-11 01:35:41,R_2roQnbA4EzFPStM,,,,,34.18670654296875,-118.3878021240234375,anonymous,EN,1,1,5a6eac90d5d4cb0001d6815a,1,2,1,4,3,2,3,1,1,,3.563,3.563,309.374,1,2,2,2,1,2,1,2,2,1,3,1,2,2,3,2,2,2,3,3,2,,1,,,,,3,2,2,3,2,2,4,4,3,2,2,4,3,4,2,2,,,,,1,2,1,2,1,2,2,2,1,2,2,2,1,2,2,1,2,,,1,,,,1,2,2,2,3,2,4,5,3,2,1,3,3,1,2,1,,,,,1,,,,,,,1,,,,,,,1,,,1,1994,5,2,1,,,,,,,2,,4,,9,5a6eac90d5d4cb0001d6815a,4275
2022-01-11 01:19:27,2022-01-11 01:36:19,0,24.10.3.148,100,1012,1,2022-01-11 01:36:20,R_1jCJCuyHtrPpiHR,,,,,38.5823974609375,-121.37359619140625,anonymous,EN,1,1,5d89c4dd68f9d60001a21500,1,2,1,4,3,2,3,1,1,Difficult to distinguish sprinkle color but everything else was fine.,8.237,528.28,539.117,2,2,2,2,1,1,2,1,2,1,1,1,2,1,2,2,2,1,2,1,2,,1,,,1,,6,2,2,2,2,2,3,4,2,2,2,4,3,3,4,3,,,,,1,1,2,1,1,1,1,2,1,2,2,3,2,1,2,1,4,,,1,1,1,1,3,2,2,2,3,3,7,5,4,4,4,3,5,1,1,1,,,,,1,,,,,,,,,,,1,,,1,,,1,1997,2,2,1,,,,,,,2,,4,,12,5d89c4dd68f9d60001a21500,9174
2022-01-11 01:25:02,2022-01-11 01:39:50,0,75.131.149.35,100,888,1,2022-01-11 01:39:50,R_9Xh8z7EBHpXqgpz,,,,,42.1378936767578125,-71.966400146484375,anonymous,EN,1,1,5f1b013bc6a954057d31428e,1,2,1,4,3,2,3,1,1,,2.47,8.014,325.069,4,3,3,1,2,3,2,1,2,1,2,2,1,1,2,2,2,1,2,2,2,,1,,,,,1,3,3,2,2,3,4,4,3,2,2,4,4,,5,3,,1,,,1,1,1,1,1,2,1,1,1,1,2,2,2,3,2,2,3,,,1,1,1,1,4,5,5,5,5,4,6,1,2,2,2,4,4,2,2,1,,,,,1,,,,,,,1,,,,,,,1,,,1,2001,1,2,1,,,,,,,3,Non-Binary,4,,6,5f1b013bc6a954057d31428e,1400
2022-01-11 01:16:33,2022-01-11 01:42:19,0,73.247.161.234,100,1545,1,2022-01-11 01:42:19,R_SUEsIyrDZPGDz8J,,,,,41.9208984375,-87.7042999267578125,anonymous,EN,1,1,60ad9bb50498f3a88f8f4c4f,1,2,1,4,3,2,3,1,1,,6.727,6.727,328.379,1,2,3,4,2,2,1,4,1,1,2,1,3,4,2,1,1,3,3,1,1,,1,,,,,1,3,2,1,5,5,5,5,2,3,3,5,4,5,5,5,,,,,1,2,1,1,1,1,1,2,1,2,1,1,1,1,2,1,4,,,1,,,,4,5,4,5,3,5,3,4,2,3,3,3,3,2,2,1,,,,,1,,,,,,,,,,,1,,,1,,,1,2003,1,2,,1,,,,,,2,,4,,1,60ad9bb50498f3a88f8f4c4f,3616
2022-01-11 01:29:20,2022-01-11 01:43:49,0,24.184.224.102,100,868,1,2022-01-11 01:43:49,R_1jfVyFkhhtPWECx,,,,,41.0641021728515625,-73.54799652099609375,anonymous,EN,1,1,5f2150b3319efd2d619a356b,1,2,1,4,3,2,3,1,1,,2.016,2.016,312.054,1,3,3,2,1,2,1,1,2,1,3,2,1,1,1,3,2,1,1,2,2,,1,,,,1,5,2,3,2,3,3,5,4,2,2,3,3,4,3,5,3,,1,,,,2,1,1,1,1,2,2,1,2,2,2,1,1,2,1,2,1,1,1,1,1,1,3,4,3,4,4,3,7,4,1,2,2,3,3,1,2,1,,,,,1,,,,,,,1,,,,,,,1,,,1,2001,3,2,1,,,,,,,1,,7,Student,5,5f2150b3319efd2d619a356b,3878
2022-01-11 01:25:07,2022-01-11 01:45:53,0,68.234.167.24,100,1246,1,2022-01-11 01:45:53,R_2UbxhSW2GXehYt7,,,,,31.3079986572265625,-89.306396484375,anonymous,EN,1,1,6110b932387d8b48daa71519,1,2,1,4,3,2,3,1,1,,14.527,14.527,333.098,1,3,3,2,2,1,2,3,2,1,2,1,3,4,4,2,1,3,3,1,2,1,1,1,,,,1,2,4,5,2,4,5,4,4,4,3,4,3,2,4,5,1,,,,,2,1,1,1,1,2,2,1,1,1,2,2,2,2,2,3,1,1,1,1,1,1,5,3,3,3,4,5,6,5,4,3,3,3,3,2,2,1,,,,,1,,,,,,,1,,,,,,,1,,,1,2001,3,2,1,,,,,,,2,,1,,1,6110b932387d8b48daa71519,9230
2022-01-11 01:35:06,2022-01-11 01:47:36,0,96.235.189.243,100,749,1,2022-01-11 01:47:36,R_30pAepHcfc6XXCO,,,,,39.9241943359375,-75.0193023681640625,anonymous,EN,1,1,60ff03bff7510240e42ea366,1,2,1,4,3,2,3,1,1,,5.791,290.101,312.364,3,3,2,2,1,3,1,1,2,1,2,2,1,1,1,3,2,1,1,2,2,,1,,,,,6,2,2,3,2,2,2,4,3,3,3,2,3,2,4,4,1,1,,,,1,1,1,1,2,2,2,1,2,2,2,1,2,1,2,2,,,1,1,1,1,4,5,4,4,4,3,6,4,3,2,2,3,3,1,2,1,,,,,1,,,,,,,1,,,,,,,1,,,1,2001,3,2,,,,1,,,,2,,1,,11,60ff03bff7510240e42ea366,2702
2022-01-11 01:27:47,2022-01-11 01:47:38,0,104.173.14.5,100,1190,1,2022-01-11 01:47:38,R_yEAgNw7KSFJwfct,,,,,34.197906494140625,-118.53710174560546875,anonymous,EN,1,1,61245769826057b69678987a,1,2,1,4,3,2,3,1,1,,22.313,22.677,374.752,2,3,3,2,3,3,1,2,2,1,3,3,2,2,3,2,3,3,2,3,3,,1,,,,,1,2,2,3,1,2,5,2,2,2,2,5,5,5,5,5,,1,,,,1,2,2,1,2,2,1,2,1,4,3,1,2,2,2,2,1,1,1,1,,,5,5,5,5,5,5,9,4,2,1,1,3,4,1,2,1,,,,,1,,,,,,,1,,,,,,,1,,,1,2002,2,1,,,,,,,,2,,7,"full time student ",4,61245769826057b69678987a,7839
2022-01-11 01:33:35,2022-01-11 01:48:35,0,108.220.13.47,100,900,1,2022-01-11 01:48:35,R_3el58QFDq1mvKUm,,,,,32.8618927001953125,-97.3426971435546875,anonymous,EN,1,1,5bcbde9d08a62c0001f86bd0,1,2,1,4,3,2,3,1,1,,7.585,7.585,356.888,1,4,4,1,1,4,1,1,4,1,4,4,1,1,1,4,4,1,1,4,4,,,,,1,,1,2,2,2,2,2,2,2,2,2,2,4,4,5,4,4,1,,,,,1,2,2,2,2,2,1,2,1,5,4,1,2,2,1,2,,,1,,1,1,3,4,4,4,4,3,8,3,1,1,1,2,3,1,2,1,,,,,1,,,,,,,1,,,,,,,1,,,1,1983,5,2,1,,,,,,,1,,1,,8,5bcbde9d08a62c0001f86bd0,6147
2022-01-11 01:27:32,2022-01-11 01:48:39,0,73.228.12.77,100,1266,1,2022-01-11 01:48:39,R_1QtJs35adwLfucj,,,,,32.28790283203125,-106.75910186767578125,anonymous,EN,1,1,587674406e2f8d00015c6148,1,2,1,4,3,2,3,1,1,,10.418,10.418,329.341,1,1,2,2,2,1,1,2,1,2,1,1,3,3,2,1,1,2,2,2,1,,1,,,,,2,2,2,2,3,3,4,4,2,3,3,4,4,4,5,4,,,,,1,2,1,1,1,1,2,2,1,2,2,4,2,2,1,4,2,,,1,,1,1,3,4,5,5,4,4,7,4,4,2,2,3,3,1,2,1,,,,,1,,,,,,,1,,,,,,,1,,,1,1990,5,2,1,,,,,,,1,,4,,11,587674406e2f8d00015c6148,9809
2022-01-11 01:27:28,2022-01-11 01:49:44,0,73.166.9.26,100,1335,1,2022-01-11 01:49:44,R_3FKlbzYfirp0b7J,,,,,30.0408935546875,-95.5301971435546875,anonymous,EN,1,1,5e72cb561b6e9c21954bd7da,1,2,1,4,3,2,3,1,1,,10.533,10.533,350.989,1,3,2,2,2,2,1,1,2,1,3,2,1,1,1,3,2,1,1,2,2,,1,,,,,1,2,3,2,2,2,2,3,2,2,2,4,2,3,4,4,,1,1,,,1,2,2,2,2,2,1,2,1,4,4,1,2,2,1,2,,,1,1,1,1,4,4,4,4,4,4,8,3,1,1,1,2,3,1,2,1,,,,,1,,,,,,,1,,,,,,,1,,,1,1998,5,2,,,,1,,,,2,,7,Student,6,5e72cb561b6e9c21954bd7da,5973
2022-01-11 01:05:34,2022-01-11 01:51:08,0,99.164.34.236,100,2734,1,2022-01-11 01:51:09,R_ZwVww7sxERwHumt,,,,,32.896392822265625,-96.86350250244140625,anonymous,EN,1,1,5c1813d5d2790700010a718f,1,2,1,4,3,2,3,1,1,,27.244,397.352,722.412,3,1,2,4,1,2,1,2,2,1,1,2,4,4,2,1,2,3,3,1,1,,,,,1,,1,2,2,3,2,3,1,2,2,2,3,5,4,5,4,3,1,1,,,,1,2,2,2,2,2,1,2,1,4,3,1,2,2,1,1,1,1,1,1,1,1,4,4,4,4,4,4,7,3,1,1,1,1,1,1,2,1,,,,,1,,,,,,,1,,,,,,,1,,,1,1993,5,2,,,,1,,,,2,,1,,11,5c1813d5d2790700010a718f,3333
2022-01-11 01:30:32,2022-01-11 01:53:49,0,69.234.94.177,100,1396,1,2022-01-11 01:53:49,R_1mmaHBnJ4gXHNcP,,,,,38.5847930908203125,-90.29959869384765625,anonymous,EN,1,1,5de9ef512dc5c612021d3038,1,2,1,4,3,2,3,1,1,,17.716,493.303,495.781,2,4,4,2,1,3,1,1,2,1,3,4,1,2,1,3,2,1,1,2,2,,1,,,,,5,2,3,3,3,4,4,1,1,1,1,5,3,5,5,3,,1,1,,,1,2,2,1,2,1,1,2,1,3,3,4,2,1,2,4,1,,1,,1,1,5,5,5,5,5,5,4,4,2,2,2,3,3,2,2,1,,,,,1,,,,,,,,,,,,,1,1,,,1,1998,4,2,1,,,,,,,2,,7,Student,3,5de9ef512dc5c612021d3038,9251
2022-01-11 01:39:37,2022-01-11 01:55:45,0,47.153.237.154,100,968,1,2022-01-11 01:55:46,R_2fNv23AbulFLtex,,,,,33.93389892578125,-117.1851043701171875,anonymous,EN,1,1,5f49806859401418f7ec6764,1,2,1,4,3,2,3,1,1,,8.231,291.651,301.562,3,4,3,1,1,3,1,1,4,1,3,2,1,1,2,3,4,1,1,3,2,,1,,,,,6,1,1,2,2,2,5,2,2,2,1,4,4,4,4,4,,,,,1,2,2,2,2,2,2,2,2,1,4,3,1,2,2,1,2,1,,1,1,1,1,4,4,4,4,4,3,7,4,1,1,1,2,2,1,2,1,,,,,1,,,,,,,1,,,,,,,1,,,1,1998,5,1,1,,,,,,,1,,4,,6,5f49806859401418f7ec6764,5515
2022-01-11 01:23:57,2022-01-11 01:56:08,0,68.225.243.227,100,1930,1,2022-01-11 01:56:08,R_3lSJB8v1gaUMnW7,,,,,33.701507568359375,-117.75279998779296875,anonymous,EN,1,1,6141ade0a0c0141ea2acdd86,1,2,1,4,3,2,3,1,1,,10.519,10.519,325.861,1,2,2,4,4,1,2,2,1,1,3,2,2,2,1,2,1,1,4,2,2,,1,1,,1,,1,2,2,3,1,1,3,1,1,1,1,5,5,5,5,5,1,,,,1,1,2,1,2,2,2,1,2,1,4,3,1,2,1,4,2,1,1,1,1,1,1,5,5,5,5,5,3,8,4,2,1,2,2,3,1,2,1,,,,,1,,,,,,,1,,,,,,,1,,,1,1998,6,2,,,,1,,,,2,,1,,7,6141ade0a0c0141ea2acdd86,1485
2022-01-11 01:36:50,2022-01-11 01:57:06,0,104.174.3.104,100,1216,1,2022-01-11 01:57:07,R_bCyPNfPV0Csb4xX,,,,,34.16900634765625,-118.37129974365234375,anonymous,EN,1,1,57587b29713d8400061730e4,1,2,1,4,3,2,3,1,1,,8.523,8.523,329.371,1,1,2,3,3,1,2,2,1,1,2,2,2,2,1,1,1,2,2,2,1,,1,,,,,1,4,4,4,2,2,4,5,3,2,5,4,3,5,4,2,1,,,,,2,1,1,2,2,2,2,1,2,2,3,1,1,2,1,4,,,1,,1,1,3,3,5,4,3,4,8,4,2,2,2,3,3,2,2,1,,,,,,1,1,,1,,,,,,,1,,,1,,,1,1981,5,1,1,,,1,,,,2,,2,,5,57587b29713d8400061730e4,1046
2022-01-11 01:42:22,2022-01-11 01:58:21,0,70.160.113.197,100,959,1,2022-01-11 01:58:21,R_sbcIROsgFRusNW1,,,,,36.7816009521484375,-76.0749969482421875,anonymous,EN,1,1,5dbacecee2fafc0e38007428,1,2,1,4,3,2,3,1,1,,2.978,2.978,320.247,1,3,2,1,1,2,1,1,2,1,2,1,1,1,2,2,3,1,2,3,1,,1,,,,,6,2,2,2,2,3,3,4,4,2,2,3,4,4,3,2,1,,,,,2,2,1,2,2,1,2,2,2,2,2,1,1,2,1,2,1,,1,1,1,1,3,2,3,2,4,3,2,4,2,1,2,3,3,2,2,1,,,,,1,,,,,,,1,,,,,,,1,,,1,1997,2,2,,1,,,,,,2,,1,,1,5dbacecee2fafc0e38007428,6750
2022-01-11 01:32:49,2022-01-11 01:59:15,0,97.90.205.156,100,1585,1,2022-01-11 01:59:15,R_21nVrtqlzo6ogt5,,,,,33.9449005126953125,-117.38339996337890625,anonymous,EN,1,1,5eb21a0c910e381845f143df,1,2,1,4,3,2,3,1,1,,5.279,335.991,336.966,2,3,2,2,2,4,3,2,3,1,4,3,1,1,3,4,3,2,4,3,3,,1,1,,,,1,2,2,3,4,1,5,1,3,2,4,3,3,3,4,4,,1,,,,1,2,1,1,1,1,1,2,1,2,1,1,3,1,2,3,1,1,1,1,1,,4,4,2,5,4,4,6,3,2,,3,3,3,1,2,1,,,,,,,,,1,,,,,,,,1,,1,,,1,2001,3,2,1,,,,,,,1,,4,,11,5eb21a0c910e381845f143df,8785
2022-01-11 01:45:29,2022-01-11 02:00:09,0,207.151.52.170,100,880,1,2022-01-11 02:00:10,R_3lKs2255mJONEvp,,,,,34.032196044921875,-118.283599853515625,anonymous,EN,1,1,60fddeb6dfaa94f6424e0916,1,2,1,4,3,2,3,1,1,,5.866,251.531,330.863,3,2,2,3,3,2,1,3,2,1,2,2,2,1,2,2,2,2,1,1,2,1,1,1,,,,1,1,1,1,2,2,2,1,1,1,1,5,5,4,4,3,,1,,1,,1,1,1,1,2,2,1,2,2,4,5,1,3,2,1,2,1,,1,1,,1,4,5,5,4,4,3,9,3,3,1,1,3,4,1,2,1,,,,,1,,,,,,,1,,,,,,,1,,,1,2003,2,2,1,,,1,,,,2,,2,,12,60fddeb6dfaa94f6424e0916,8181
2022-01-11 01:45:40,2022-01-11 02:01:23,0,68.206.91.251,100,943,1,2022-01-11 02:01:23,R_2e8NQlTurIUV4Wn,,,,,32.6226959228515625,-97.1479034423828125,anonymous,EN,1,1,5c2fcf0aa945190001be8c68,1,2,1,4,3,2,3,1,1,,7.716,7.716,301.733,1,3,4,1,1,3,1,1,3,1,4,3,1,1,1,3,4,1,1,3,4,,1,,,,,2,2,1,1,1,1,1,2,1,2,1,5,5,5,5,5,1,,,,,1,2,2,2,2,2,1,1,2,2,4,1,3,2,1,2,1,1,1,1,1,1,5,5,5,5,5,5,8,3,2,2,2,3,3,1,2,1,,,,,1,,,,,,,1,,,,,,,1,,,1,1994,6,2,,,,1,,,,1,,1,,11,5c2fcf0aa945190001be8c68,4304
2022-01-11 01:37:32,2022-01-11 02:02:28,0,98.34.54.128,100,1495,1,2022-01-11 02:02:28,R_UApHnkq7UQ0E32F,,,,,41.9720001220703125,-87.7595977783203125,anonymous,EN,1,1,58d9a79c33fef3000118abdf,1,2,1,4,3,2,3,1,1,,9.57,9.57,761.802,1,3,2,2,2,3,2,2,2,2,2,1,2,1,2,3,2,2,2,2,1,,1,,,,,1,4,2,2,2,2,5,5,2,2,2,2,3,1,2,1,,,,,1,2,2,1,1,2,2,2,2,2,2,3,1,2,2,1,3,,,1,,,1,1,2,2,2,3,2,7,5,2,2,3,3,,2,2,1,,,,,1,,,,,,,1,,,,,,,1,,,1,1989,2,2,1,,,,,,,1,,8,,6,58d9a79c33fef3000118abdf,8981
2022-01-11 01:47:28,2022-01-11 02:02:28,0,73.82.100.236,100,900,1,2022-01-11 02:02:29,R_DwnntDmpyOsHNLz,,,,,33.9954986572265625,-84.6580963134765625,anonymous,EN,1,1,5fb5611ae70d1603f68b026a,1,2,1,4,3,2,3,1,1,,3.764,312.084,314.312,2,1,2,4,3,1,2,2,1,1,1,1,2,2,1,1,1,2,4,1,1,,,,,1,,2,5,5,4,3,3,5,4,4,2,5,5,5,4,4,4,,,1,,,1,1,1,1,1,2,2,1,2,1,1,2,2,2,1,4,,1,1,1,1,1,2,4,3,3,3,3,1,5,4,4,4,5,5,2,2,,,,,1,1,,,,,,,,,,,1,1,,1,,,1,1990,5,1,1,,1,,,,,1,,4,,2,5fb5611ae70d1603f68b026a,4415
2022-01-11 01:43:18,2022-01-11 02:03:27,0,47.204.109.90,100,1208,1,2022-01-11 02:03:27,R_21oW7KinjkoXL8e,,,,,28.030303955078125,-82.7816009521484375,anonymous,EN,1,1,607d8d87cda66ac1ec2b0efe,1,2,1,4,3,2,3,1,1,,10.221,10.221,343.954,1,3,2,1,1,3,1,1,2,1,2,1,1,1,1,3,2,1,1,2,2,1,1,,,,,2,1,1,1,3,4,5,3,1,1,1,5,5,3,5,5,,,1,,1,2,2,1,2,2,1,1,2,1,2,1,1,2,2,1,3,1,,1,1,1,1,5,5,5,5,5,5,3,4,2,2,2,3,3,2,2,1,,,,,1,,,,,,,,,,,1,,,1,,,1,1990,2,2,,,,,,1,Middle Eastern,1,,4,,1,607d8d87cda66ac1ec2b0efe,2928
2022-01-11 01:50:27,2022-01-11 02:04:08,0,73.77.43.105,100,821,1,2022-01-11 02:04:09,R_3IbfSyANNXpBvAe,,,,,29.833099365234375,-95.7498016357421875,anonymous,EN,1,1,60ba71aa8f2ae12d3a595982,1,2,1,4,3,2,3,1,1,"pictures of ice cream are too tiny, couldn't see colors of sprinkles",1.425,347.185,347.535,6,3,2,2,1,2,1,1,1,1,3,2,1,1,1,2,2,1,1,2,2,,1,,,,,6,3,4,2,3,2,4,3,3,1,5,4,4,4,5,4,,1,,,,1,1,1,1,2,1,2,1,2,2,1,1,2,2,1,3,1,,1,1,1,1,4,4,4,3,4,3,6,3,3,2,1,3,3,1,2,1,,,,,1,,,,,,,1,,,,,,,1,,,1,2002,3,2,,,,1,,,,2,,7,student,12,60ba71aa8f2ae12d3a595982,3697
2022-01-11 01:38:52,2022-01-11 02:05:04,0,172.58.7.13,100,1572,1,2022-01-11 02:05:04,R_2735DIPbmEFwXf4,,,,,33.7722015380859375,-84.39279937744140625,anonymous,EN,1,1,60d66ec4a3c13ac0f607e7d9,1,2,1,4,3,2,3,1,1,,14.223,14.412,326.897,2,3,2,1,1,2,1,1,2,1,3,2,1,1,1,3,2,1,1,2,3,,,,1,1,,1,3,2,2,2,1,3,3,2,2,2,5,3,4,5,3,1,,,,,1,2,2,2,2,2,1,2,1,2,3,1,1,2,1,2,1,1,1,1,1,1,4,5,4,5,5,3,7,2,2,1,2,3,3,2,2,1,,,,,1,,,,,,,1,,,,,,,1,,,1,1988,3,2,1,,,,,,,2,,1,,5,60d66ec4a3c13ac0f607e7d9,9397
2022-01-11 01:37:53,2022-01-11 02:06:31,0,107.127.28.65,100,1718,1,2022-01-11 02:06:32,R_1cThdoiPGJrhQ0l,,,,,33.748504638671875,-84.3871002197265625,anonymous,EN,1,1,60ffa27ef109cff85bbdb0d0,1,2,1,4,3,2,3,1,1,,9.137,558.505,562.137,2,1,1,2,2,1,1,4,1,1,3,3,3,1,3,1,2,4,4,2,3,,,1,,,,1,1,3,1,2,1,4,1,2,1,1,5,5,5,5,5,,1,,,,1,1,2,2,2,2,1,2,1,2,3,1,2,2,1,4,1,1,1,1,1,1,5,5,5,5,5,5,8,3,4,3,2,4,3,2,2,1,,,,,1,,,,,,,1,,,,,,,1,,,1,10/28/2000,4,2,1,1,,,,,,2,,1,,1,60ffa27ef109cff85bbdb0d0,6540
2022-01-11 01:48:38,2022-01-11 02:06:38,0,24.56.12.159,100,1080,1,2022-01-11 02:06:38,R_1GI8JuakwIsKvYc,,,,,33.6562957763671875,-112.17060089111328125,anonymous,EN,1,1,6111e4c21e6d5d5300f071fb,1,2,1,4,3,2,3,1,1,,8.974,320.926,324.814,2,2,4,2,2,3,2,1,3,1,3,3,1,2,1,3,2,1,1,3,2,,1,,,,,5,1,2,2,1,1,2,3,2,2,2,4,4,4,5,3,1,1,,,,1,2,2,2,2,2,1,2,1,5,3,2,2,2,1,2,1,1,1,1,1,1,4,5,4,5,5,3,8,2,3,1,1,3,3,2,2,1,,,,,1,,,,,,,1,,,,,,,1,,,1,2000,4,2,1,,,,,,,2,,1,,8,6111e4c21e6d5d5300f071fb,4922
2022-01-11 01:29:52,2022-01-11 02:08:05,0,76.234.224.226,100,2293,1,2022-01-11 02:08:05,R_2EHxXj0BxaaisG7,,,,,33.761993408203125,-117.9324951171875,anonymous,EN,1,1,578072b0c6144900014a0471,1,2,1,4,3,2,3,1,1,,10.686,10.686,335.575,1,3,3,2,2,2,1,2,3,1,3,3,2,2,2,3,3,1,2,3,3,,1,,,,,3,2,2,3,2,2,3,4,2,1,1,5,4,4,5,2,1,,,,,1,2,2,2,2,2,1,2,1,4,3,1,1,2,1,2,,,1,1,1,1,3,5,5,5,5,4,7,4,1,1,1,3,3,2,2,1,,,,,1,,,,,,,1,,,,,,,1,,,1,1991,2,1,1,,,,,,,1,,1,,7,578072b0c6144900014a0471,1200
2022-01-11 01:52:30,2022-01-11 02:11:41,0,73.197.96.123,100,1150,1,2022-01-11 02:11:41,R_3dFVLJ2PmAxVIyA,,,,,40.43060302734375,-74.40200042724609375,anonymous,EN,1,1,5c3388fa01439b0001a0adfe,1,2,1,4,3,2,3,1,1,,25.509,25.509,351.535,1,2,3,3,3,2,1,1,2,1,2,2,2,2,3,2,2,1,2,1,2,,,,,1,,1,3,4,2,2,4,2,3,2,2,2,4,4,4,4,4,1,,,,,1,2,1,1,2,2,2,2,2,3,3,1,1,2,1,2,,,1,,,1,3,4,4,4,4,4,7,3,2,1,1,3,3,2,2,1,,,,,1,,,,,,,1,,,,,,,1,,,1,1983,6,2,1,,,,,,,2,,1,,10,5c3388fa01439b0001a0adfe,2673
2022-01-11 01:43:45,2022-01-11 02:14:58,0,69.209.111.44,100,1872,1,2022-01-11 02:14:58,R_1QAvrP0VXQLdxFC,,,,,37.6403045654296875,-122.0666961669921875,anonymous,EN,1,1,5f6a764005a70d141c63f9e8,1,2,1,4,3,2,3,1,1,the icecream image is too small to know which sprinkle was the correct one so it kept me constantly guessing,6.622,365.368,367.126,3,3,2,3,1,2,2,4,1,2,3,2,3,3,3,2,2,3,1,2,2,,1,,,,1,6,3,3,3,3,2,5,3,4,2,3,4,4,4,4,4,,1,1,1,,1,1,2,1,1,2,1,2,1,2,2,1,2,2,1,4,1,,,1,,,4,5,5,5,5,4,6,4,3,2,2,3,3,2,2,1,,,,,1,,,,,,,1,,,,,,,1,,,1,2001,2,2,,,,1,,,,2,,4,,8,5f6a764005a70d141c63f9e8,1927
2022-01-11 01:49:12,2022-01-11 02:15:14,0,99.47.125.191,100,1562,1,2022-01-11 02:15:15,R_cMbkQtUBnRnzk8V,,,,,34.29229736328125,-84.18199920654296875,anonymous,EN,1,1,5d72b189bcfd5b0001192507,1,2,1,4,3,2,3,1,1,,4.691,4.691,645.447,1,3,3,1,1,3,1,2,3,1,3,3,1,1,1,3,3,2,1,3,3,,,,1,1,,6,4,4,2,2,2,3,4,2,3,2,4,4,4,4,4,1,,,,,1,2,2,2,2,2,1,2,2,3,3,2,1,2,1,3,,,1,1,1,1,5,3,3,4,4,4,5,1,2,2,2,3,3,2,2,,,1,,,,1,,,1,1,,,1,,,1,1,,1,,,1,1974,2,2,1,,,,,,,2,,1,,3,5d72b189bcfd5b0001192507,2761
2022-01-11 01:51:48,2022-01-11 02:15:36,0,68.193.219.233,100,1428,1,2022-01-11 02:15:37,R_1mORdoKWrJ9kXfp,,,,,41.5637969970703125,-73.7953033447265625,anonymous,EN,1,1,61000548bfce02691ae7b0e3,1,2,1,4,3,2,3,1,1,,8.564,8.564,334.06,1,3,2,2,3,1,3,2,1,2,2,3,2,3,3,2,2,3,2,2,3,,1,,,,,7,2,3,2,2,2,2,2,2,2,4,3,4,3,4,3,1,,,,,1,1,1,1,1,1,1,1,1,2,2,2,1,2,1,2,1,1,1,1,1,1,4,4,4,4,4,3,7,3,4,3,3,3,3,2,2,1,,,,,1,,,,,,,,,,1,,,1,1,,,1,1999,4,2,1,,,1,,,,2,,1,,1,61000548bfce02691ae7b0e3,4000
2022-01-11 01:59:51,2022-01-11 02:16:16,0,75.187.208.23,100,985,1,2022-01-11 02:16:17,R_1jpkeEjW6JAudHz,,,,,41.56219482421875,-81.48419952392578125,anonymous,EN,1,1,5e90031ac75edb305da74300,1,2,1,4,3,2,3,1,1,,32.817,32.817,349.181,1,3,3,1,1,3,1,1,3,1,3,3,1,1,1,3,3,1,2,3,3,,1,,,,,6,1,1,3,2,2,3,3,3,2,1,5,5,5,5,5,1,,,,,2,2,2,2,2,2,1,2,2,3,3,1,2,2,1,2,,,1,,,,4,4,5,5,5,3,6,3,1,1,1,3,2,2,2,1,,,,,1,,,,,,,1,,,,,,,1,,,1,1986,3,2,,1,,,,,,2,,1,,10,5e90031ac75edb305da74300,2742
2022-01-11 01:56:43,2022-01-11 02:16:30,0,68.229.49.232,100,1187,1,2022-01-11 02:16:31,R_RsPatgDfKu0i7Qd,,,,,36.2472991943359375,-115.28209686279296875,anonymous,EN,1,1,60fe83c4f1cfa0b516b363cc,1,2,1,4,3,2,3,1,1,,9.173,9.173,346.073,1,2,3,2,1,2,1,2,3,1,2,2,2,1,1,2,3,2,2,3,3,,1,,,,,3,2,1,3,2,2,4,4,1,1,1,5,4,4,3,3,,1,,,,2,1,2,1,1,1,1,1,1,1,2,1,2,2,1,3,1,,1,1,1,1,5,3,3,3,5,3,6,4,4,4,3,3,3,1,2,1,,,,,1,,,,,,,1,,,,,,,1,,,1,2000,4,2,1,,,,,,,2,,6,,5,60fe83c4f1cfa0b516b363cc,9035
2022-01-11 02:01:57,2022-01-11 02:16:38,0,68.129.245.74,100,881,1,2022-01-11 02:16:38,R_1IlSsbBPW7dENsE,,,,,40.8231048583984375,-73.95130157470703125,anonymous,EN,1,1,5fb47a567e81961ae89ac614,1,2,1,4,3,2,3,1,1,,5.941,5.941,306.344,1,2,2,3,1,2,1,2,1,1,2,2,2,1,1,3,3,1,2,3,2,1,1,1,,,,1,4,4,2,2,2,4,4,4,3,2,4,4,5,4,3,,,1,,,1,1,1,1,2,2,2,2,1,3,2,1,2,2,1,2,1,1,1,1,1,1,1,3,3,4,4,4,7,2,2,2,2,4,3,1,2,1,,,,,1,,,,,,,,1,1,,,,,1,,,1,1989,6,2,,,,1,,,,2,,2,,6,5fb47a567e81961ae89ac614,6665
2022-01-11 01:59:48,2022-01-11 02:19:08,0,73.93.162.174,100,1159,1,2022-01-11 02:19:08,R_pg8NrjwvIa3DaNP,,,,,36.6703948974609375,-121.6591949462890625,anonymous,EN,1,1,612b171fea06ce92c9062185,1,2,1,4,3,2,3,1,1,,7.99,7.99,623.382,1,3,1,1,3,2,3,4,1,3,1,1,3,3,2,2,1,4,3,2,1,,,,1,1,,7,3,1,1,1,1,3,5,1,4,1,2,4,1,1,5,1,,,,,2,1,2,2,2,2,2,2,2,2,2,1,1,2,1,3,,,,1,1,1,5,1,3,3,4,5,4,4,2,2,3,3,3,1,2,1,,,,,1,,,,,,,1,,,,,,,1,,,1,1985,6,2,1,,,,,,,1,,1,,7,612b171fea06ce92c9062185,4335
2022-01-11 01:56:10,2022-01-11 02:19:16,0,202.182.64.177,100,1386,1,2022-01-11 02:19:16,R_2Vgb2RG5fEBESDK,,,,,37.751007080078125,-97.82199859619140625,anonymous,EN,1,1,6123c20b090581816f672f1d,1,2,1,4,3,2,3,1,1,,12.833,12.833,702.11,1,2,2,3,3,3,3,3,2,2,3,2,2,2,2,3,2,3,2,2,3,,1,,,,,1,4,3,4,3,2,3,4,4,3,4,4,3,2,3,4,1,,,,1,1,1,1,2,1,2,1,2,1,3,3,2,2,2,2,2,1,1,1,,,,4,3,4,4,3,4,7,1,3,3,2,3,2,1,1,1,,,,,1,,,,,,,1,,,,,,,1,,,1,1994,5,2,1,,,,,,,2,,1,,12,6123c20b090581816f672f1d,2678
2022-01-11 02:01:07,2022-01-11 02:19:36,0,76.102.89.2,100,1108,1,2022-01-11 02:19:36,R_vqXntwQimTIJ2qB,,,,,37.802093505859375,-122.4329986572265625,anonymous,EN,1,1,5bb09ecf6322c50001584d36,1,2,1,4,3,2,3,1,1,Sprinkles were nearly impossible to see on the order images. I also couldn't differentiate between the top and bottom sprinkles options.,6.451,332.61,367.714,2,2,3,2,2,2,1,1,1,1,2,1,1,1,1,2,1,1,2,1,1,1,,,,,,1,3,3,4,3,3,4,3,3,4,5,4,4,4,4,4,,,,,1,2,2,2,2,2,2,2,2,2,2,2,1,2,2,1,2,,,1,1,1,1,3,3,4,4,4,3,4,3,2,1,1,3,4,2,1,1,,,,,1,,,,,,,1,,,,,,,1,,,1,1997,3,2,1,,,1,,,,1,,4,,4,5bb09ecf6322c50001584d36,7703
2022-01-11 01:59:41,2022-01-11 02:21:58,0,76.168.120.206,100,1337,1,2022-01-11 02:21:58,R_2fkPFb7wL4xgdQI,,,,,34.076202392578125,-118.3029022216796875,anonymous,EN,1,1,5fbc1367373b9307763985c0,1,2,1,4,3,2,3,1,1,Order images were too small and I could not see the colors of the sprinkles,4.98,354.13,370.246,2,2,2,2,3,2,2,3,1,2,2,3,3,1,2,2,2,3,1,2,2,,1,1,,,,1,5,5,5,2,3,2,4,3,2,1,5,5,5,5,5,1,,,,,1,1,1,1,2,2,2,1,1,2,3,1,2,2,1,4,,,1,1,1,1,2,5,5,5,5,4,8,2,4,4,4,3,3,1,2,1,,,,,,,,,1,,,1,,,,,,,1,,,1,1997,5,1,,,,,,1,Latino,2,,1,,8,5fbc1367373b9307763985c0,4709
2022-01-11 02:00:22,2022-01-11 02:24:55,0,108.28.20.52,100,1473,1,2022-01-11 02:24:56,R_2chl3G3TPbGL6UM,,,,,38.7740936279296875,-77.23850250244140625,anonymous,EN,1,1,58be2fc3bfc0f4000179f3c5,1,2,1,4,3,2,3,1,1,"On my first attempt, the game stalled on round two. I reloaded and it worked.",684.764,684.764,711.106,1,2,2,3,3,2,2,3,2,3,2,2,3,3,2,2,2,3,2,2,3,,1,,,,,2,5,5,3,4,3,5,5,3,3,5,4,4,4,3,2,,,,,1,1,1,2,2,2,2,2,2,1,3,2,1,4,2,1,4,,,,1,1,1,2,3,4,4,3,3,4,5,3,2,1,4,3,2,2,1,,,,,1,,,,,,,1,,,,,,,1,,,1,1971,7,2,1,,,,,,,1,,4,,4,58be2fc3bfc0f4000179f3c5,4369
2022-01-11 02:11:57,2022-01-11 02:29:39,0,108.221.21.115,100,1061,1,2022-01-11 02:29:39,R_3fplJATYfd4mA8A,,,,,37.212493896484375,-121.864105224609375,anonymous,EN,1,1,60469ae0450a7a0d20d26ee8,1,2,1,4,3,2,3,1,1,"The pictures of the ice cream were quite small, so it was hard to tell what colour sprinkles to use to fulfill some of the orders. Also, the instructions weren't written very clearly (in regards to the urgency and hearts mechanics).",5.34,357.547,414.044,2,2,3,3,1,2,1,3,1,2,3,1,1,2,2,3,2,1,3,2,2,1,1,1,,,,5,2,2,3,1,2,4,4,2,1,3,4,4,4,5,5,,1,,,1,2,1,1,1,2,1,2,1,1,2,2,2,1,2,1,2,1,1,1,1,1,1,3,4,3,5,5,4,3,6,2,3,2,3,3,2,2,1,,,,,1,,,,,,,1,,,,,,,1,,,1,2003,3,2,,,,1,,,,2,,8,,11,60469ae0450a7a0d20d26ee8,9710
2022-01-11 01:54:43,2022-01-11 02:32:48,0,108.88.249.99,100,2285,1,2022-01-11 02:32:49,R_3hiJKPUtYWZECOq,,,,,30.4604949951171875,-89.085601806640625,anonymous,EN,1,1,61075b92e19f66cbabb8abf7,1,2,1,4,3,2,3,1,1,"I reloaded the game twice and both times it stopped ticking up rounds.  No hearts ever ticked down and each time it allowed me to choose through different options without the pictures ever changing.  The first time the round counter stopped on round 14 and didn't move further, and the second time it stopped on round 2.  After several submission attempts I exited the game.",11.273,712.256,715.575,4,2,3,3,3,2,2,2,1,1,2,1,2,3,1,2,1,2,2,2,2,,,,1,1,,5,3,3,2,2,2,5,2,2,1,4,3,4,5,4,4,,,,,1,1,1,2,1,1,2,2,1,2,2,1,1,2,2,1,3,1,,1,1,,1,3,3,4,4,5,4,3,1,2,3,3,3,3,1,2,1,,,,,,,,,,,1,,,1,,,1,,1,,,1,1991,6,2,1,,,,,,,2,,6,,3,61075b92e19f66cbabb8abf7,3825
2022-01-11 02:11:54,2022-01-11 02:32:49,0,76.167.124.202,100,1254,1,2022-01-11 02:32:49,R_XRKsKbhlOJ1IO6B,,,,,32.80029296875,-117.243804931640625,anonymous,EN,1,1,60fcbd199a46e6cdec74aedb,1,2,1,4,3,2,3,1,1,,9.767,357.566,371.061,2,2,2,3,2,2,1,3,2,2,2,2,3,3,2,2,2,3,3,2,2,1,1,1,,,,1,3,3,3,3,2,5,4,3,2,4,4,3,3,4,4,,1,,,,1,1,1,1,1,1,1,1,1,2,2,1,1,2,1,2,1,,,1,1,1,3,4,4,4,5,3,4,4,2,2,2,3,3,2,2,1,,,,,1,,,,,,,,,,,1,1,1,1,,,1,2000,3,2,1,,,,,,,2,,7,student,4,60fcbd199a46e6cdec74aedb,1471
2022-01-11 02:00:13,2022-01-11 02:33:11,0,71.47.173.127,100,1978,1,2022-01-11 02:33:12,R_5ySVOUrRyFZaVln,,,,,28.45379638671875,-81.46739959716796875,anonymous,EN,1,1,5ea9ee70bd6e6c158af94cca,1,2,1,4,3,2,3,1,1,"I couldn't finish the game. I tried 3 times. First time i got to round 14/20 before I couldnt get any combination to pass. It's really hard to see. ",7.939,765.151,781.594,16,2,3,3,2,2,2,1,1,1,3,3,1,1,1,2,2,1,2,3,3,1,1,,,,,3,2,1,1,2,2,4,4,2,2,3,3,4,3,4,4,,,,,1,2,1,2,2,2,2,2,1,2,2,3,2,2,1,4,2,1,,1,1,1,1,2,3,3,4,3,3,7,3,2,2,2,3,3,2,2,1,,,,,1,,,,,,,1,,,,,,,1,,,1,1993,5,2,1,,,,,,,1,,2,,2,5ea9ee70bd6e6c158af94cca,2612
2022-01-11 01:59:24,2022-01-11 02:33:49,0,35.132.76.45,100,2065,1,2022-01-11 02:33:50,R_51NGHnyAmBJj6WR,,,,,35.378692626953125,-120.845703125,anonymous,EN,1,1,5d4f5ba3cafff0001b4426b3,1,2,1,4,3,2,3,1,1,Took 3 attempts (had to refresh twice) but it eventually worked.,10.934,952.136,956.24,11,2,2,1,1,2,1,1,2,1,2,3,1,1,2,2,1,1,1,2,2,1,,,,,,1,2,2,3,2,2,3,2,2,2,2,3,2,3,4,3,,,,,1,2,1,1,1,2,2,2,1,2,2,2,1,2,1,3,2,1,1,1,,1,,2,3,3,3,3,2,,4,2,,3,4,3,2,2,1,,,,,1,,,,,,,1,,,,,,,1,,,1,1992,2,2,1,,,,,,,1,,2,,5,5d4f5ba3cafff0001b4426b3,3324
2022-01-11 02:13:36,2022-01-11 02:33:55,0,104.33.234.210,100,1219,1,2022-01-11 02:33:55,R_3RpCAehHYJf6gyv,,,,,34.1855926513671875,-119.2136993408203125,anonymous,EN,1,1,5aeab6e39e185a0001b9e272,1,2,1,4,3,2,3,1,1,,6.04,6.04,327.277,1,2,2,3,3,2,2,1,1,1,2,2,1,1,1,2,2,1,3,2,2,,1,,,,,2,3,2,5,1,3,3,2,4,1,3,4,3,4,3,4,1,,,,,1,1,2,2,1,2,2,1,2,2,2,2,1,2,1,2,,,1,,1,1,4,3,4,3,4,5,4,1,2,1,2,3,3,2,2,1,,,,,1,,,,,,,1,,,,,,,1,,,1,1991,3,2,1,,,,,,,2,,2,,8,5aeab6e39e185a0001b9e272,2833
2022-01-11 02:15:29,2022-01-11 02:35:50,0,76.169.51.77,100,1220,1,2022-01-11 02:35:50,R_3CPmgxCxMRCBo65,,,,,34.153106689453125,-118.429595947265625,anonymous,EN,1,1,5f127c7b5f0aa11e0ebadb56,1,2,1,4,3,2,3,1,1,"The game often froze and would not load another ice cream order, or would not accept one that was made. Additionally, I found the sprinkles to be very hard to see (on a laptop).",8.073,511.059,559.192,5,1,1,4,4,1,4,3,1,1,1,1,2,1,2,1,1,1,3,1,1,,1,1,,,,1,4,2,2,2,2,3,4,2,2,2,3,4,5,5,5,,1,,,,1,1,1,1,1,1,1,1,2,2,1,1,1,2,1,3,,,1,,,1,4,4,4,4,4,5,5,3,2,1,2,3,3,1,2,1,,,,,,1,,,,,,,,,,,1,,1,,,1,2001,2,1,1,,,,,,,2,,7,Student,2,5f127c7b5f0aa11e0ebadb56,6391
2022-01-11 01:57:44,2022-01-11 02:36:52,0,107.77.237.56,100,2347,1,2022-01-11 02:36:52,R_sLunNWlEhnv71GF,,,,,37.751007080078125,-97.82199859619140625,anonymous,EN,1,1,5a2111b5bf56cc000176feb5,1,2,1,4,3,2,3,1,1,"After round two, the screen/game froze. The color of the sprinkles was REALLY hard to determine. ",3.82,332.133,670.385,2,1,1,3,3,1,2,3,1,1,2,1,2,1,2,1,1,3,2,1,1,,,,,1,,5,4,4,2,2,3,2,5,2,3,2,4,3,3,5,4,1,,,,,1,2,2,1,1,2,2,2,2,2,3,1,3,2,1,2,,1,1,1,1,1,3,5,4,5,3,4,8,3,3,3,3,3,3,1,2,1,,,,,1,,,,,,,1,,,,,,,1,,,1,1984,4,2,,1,,,,,,2,,1,,7,5a2111b5bf56cc000176feb5,9971
2022-01-11 01:57:33,2022-01-11 02:36:55,0,74.138.37.77,100,2361,1,2022-01-11 02:36:55,R_cYAiJAA1LbNFxhD,,,,,38.1278076171875,-85.5740966796875,anonymous,EN,1,1,5d0dd940312297000137d2a7,1,2,1,4,3,2,3,1,1,"The study kept freezing after a couple of tries, even after refreshing.",238.967,616.935,628.387,3,2,1,4,3,1,2,4,1,4,1,1,4,3,3,1,1,4,1,3,2,1,,,,,,1,5,3,3,4,5,5,5,5,3,3,5,5,5,5,5,,,,,1,2,1,2,1,2,2,2,1,2,2,2,1,1,2,1,4,,,1,,1,1,4,4,4,4,4,5,3,5,2,2,2,3,3,2,1,,,,,1,,1,1,,,1,1,,,1,,1,,,,,1,1,1957,5,2,,,,,,1,Prefer not to say,2,,2,,1,5d0dd940312297000137d2a7,1472
2022-01-11 02:05:09,2022-01-11 02:39:12,0,73.96.129.230,100,2042,1,2022-01-11 02:39:12,R_2zOykvtv0zIzsqq,,,,,44.06829833984375,-123.07630157470703125,anonymous,EN,1,1,5eda94f69f275211dff92234,1,2,1,4,3,2,3,1,1,"There were several challenges, you have a wrong answer in a question before, you did not state we needed to use chrome, my screen resolution was too low so I couldn't see what the sprinkles looked like so I had to guess which ones to use. The game also froze once. Hopefully this doesn't affect your data. ",4.871,472.733,537.702,42,2,3,2,2,3,1,2,1,1,3,3,2,1,1,3,3,2,1,3,3,,1,,,1,,1,3,3,4,2,3,5,4,3,1,2,5,4,4,5,4,,,,,1,1,1,2,2,2,2,1,2,1,2,1,2,1,2,1,3,1,,1,1,1,1,3,5,5,5,4,2,2,1,2,1,2,4,3,1,2,1,,,,,,,,,,1,,,1,,,1,1,,1,,,1,1983,5,2,1,,,,,,,2,,7,Homemaker and Caretaker,3,5eda94f69f275211dff92234,5320
2022-01-11 01:56:22,2022-01-11 02:30:53,0,98.214.70.215,100,2070,1,2022-01-11 02:46:05,R_2QSpVnZlib8bDbk,,,,,40.7122039794921875,-89.62830352783203125,anonymous,EN,1,1,5a67725b63394a000155abbb,1,2,1,4,3,2,3,1,1,,13.41,343.802,347.111,7,3,3,2,2,2,2,3,2,2,3,3,2,1,3,2,2,3,4,2,2,,,1,,1,,1,1,2,2,2,2,3,4,2,2,2,4,5,5,5,3,1,,,,,1,2,2,2,2,1,1,2,1,3,2,3,3,1,3,2,,,1,1,1,1,4,5,4,5,5,3,4,1,2,2,1,2,3,2,2,1,,,,,,1,,,,1,,,,,,,1,,1,,,1,1975,3,2,1,,,,,,,2,,1,,4,5a67725b63394a000155abbb,4140
2022-01-11 01:46:42,2022-01-11 02:50:59,0,47.38.238.100,100,3856,1,2022-01-11 02:50:59,R_cMAFns9NxUfLsw9,,,,,32.744598388671875,-97.3842010498046875,anonymous,EN,1,1,5d83c1e911cb3a0001570ea4,1,2,1,4,3,2,3,1,1,"Hello, I have been trying to complete the game for about 40 minutes. It stopped unexpectedly several times and a message stating a warning that the session was being closed was displayed. I finally completed all 20 rounds, after refreshing the page several times. However, the screen that appeared was just a solid gray with no further instruction. I am returning to this page and hope that all my responses were recorded. I tried my best to carefully follow all instructions in order to complete the game. I am using Google Chrome browser on my MAC computer. Thank you!",63.299,1452.763,1468.756,16,3,3,2,2,3,2,2,2,1,3,3,1,1,2,3,2,2,2,4,3,,,,,1,,2,1,1,1,1,2,4,4,2,2,2,5,5,5,5,4,,,,,1,1,2,2,2,2,2,2,2,1,4,4,2,2,2,1,2,1,,1,1,1,1,3,5,5,5,5,4,9,2,2,1,1,2,3,1,2,1,,,,,1,,,,,,,1,,,,,,,1,,,1,1970,5,2,1,,,,,,,2,,7,Not currently working due to choice,11,5d83c1e911cb3a0001570ea4,9332
2022-01-11 02:02:57,2022-01-11 02:53:18,0,158.222.131.224,100,3020,1,2022-01-11 02:53:18,R_3gMnUxl28R9OmcU,,,,,40.8123016357421875,-73.96820068359375,anonymous,EN,1,1,5ead45a386fbbe3c8eebe510,1,2,1,4,3,2,3,1,1,,10.122,10.122,655.59,1,1,3,2,3,1,2,3,2,2,1,3,3,2,3,2,1,3,1,2,3,,1,,,,,1,2,1,2,2,1,4,4,2,2,2,5,5,5,5,4,,,,1,,1,2,1,1,1,2,2,2,2,2,3,1,1,1,4,2,,,1,1,1,,3,4,5,5,5,4,7,3,2,2,2,3,3,1,2,1,,,,,1,,,,,,,1,,,,,,,1,,,1,1996,5,1,,,,,,1,Latino,1,,4,,6,5ead45a386fbbe3c8eebe510,4180
2022-01-11 01:58:47,2022-01-11 03:05:41,0,100.38.113.248,100,4014,1,2022-01-11 03:05:42,R_1hXwt64OqbyS0UY,,,,,41.3144073486328125,-73.8495025634765625,anonymous,EN,1,1,56fdff4ee0f9ff000f19c466,1,2,1,4,3,2,3,1,1,"With only four minutes left, I have to give up.  I refreshed the game about six times, but it always got stuck.  Once I got up to 19.  Sorry.               ",16.234,916.914,938.157,6,1,2,2,2,1,2,1,1,1,2,1,1,1,1,2,1,1,4,3,2,1,,,,,,5,2,3,2,1,2,5,5,1,3,5,5,5,5,5,3,,,,,1,1,2,2,2,2,2,2,2,2,5,5,1,2,2,1,2,,,1,,1,1,1,5,5,5,3,3,10,6,1,1,1,3,3,1,2,1,,,,,1,,,,,,,1,,,,,,,1,,,1,1946,5,2,1,,,,,,,2,,5,,2,56fdff4ee0f9ff000f19c466,2102
2022-01-11 02:45:17,2022-01-11 03:15:58,0,99.19.77.38,100,1841,1,2022-01-11 03:15:59,R_3pbeWt1DSOi9kXh,,,,,34.85040283203125,-92.40889739990234375,anonymous,EN,1,1,5a9262251eda410001360b2c,1,2,1,4,3,2,3,1,1,,112.431,113.815,622.504,3,2,2,2,1,2,1,1,1,1,2,1,2,2,2,2,1,2,2,1,1,,1,,,,,5,1,1,3,1,1,5,5,1,1,2,2,5,3,4,5,,,,,1,2,1,2,2,2,2,2,1,2,2,2,2,1,2,1,3,,,1,1,1,1,4,2,4,5,5,2,2,4,4,3,2,3,3,2,2,1,,,,,1,,,,,,,1,,,,,,,1,,,1,1983,2,2,1,,,1,,,,2,,2,,3,5a9262251eda410001360b2c,8287
