V2,Accuracy,ZIP,points,StartDate,EndDate,Status,Progress,Duration (in seconds),Finished,RecordedDate,ResponseId,RecipientLastName,RecipientFirstName,RecipientEmail,ExternalReference,LocationLatitude,LocationLongitude,DistributionChannel,UserLanguage,Q17,Q18,Q92,Q1,Q3,Q12,Q53...24,Q15,Q6,Q7,Q8,Q55,Q56,Q51_First Click,Q51_Last Click,Q51_Page Submit,Q51_Click Count,Q34,Q35,Q36,Q37,Q38,Q39,Q40,Q41,Q42,Q43,Q44,Q45,Q46,Q47,Q48,Q49,Q50,Q51,Q52,Q53...54,Q61_1,Q61_2,Q61_3,Q61_4,Q61_5,Q61_6,Q62,Q64_1,Q64_2,Q64_3,Q64_4,Q64_5,Q64_6,Q64_7,Q64_8,Q64_9,Q64_10,Q65_1,Q65_2,Q65_3,Q65_4,Q65_5,Q66_1,Q66_2,Q66_3,Q66_4,Q66_5,Q67#1_1,Q67#1_2,Q67#1_3,Q67#1_4,Q67#1_5,Q67#1_6,Q67#1_7,Q67#1_8,Q67#1_9,Q68,Q69,Q70,Q71,Q72,Q73,Q74,Q75_1,Q75_2,Q75_3,Q75_4,Q75_5,Q75_6,Q76_1,Q76_2,Q76_3,Q76_4,Q76_5,Q76_6,Q77_1,Q78,Q79,Q80,Q81,Q82,Q83,Q84,Q85,Q86_1,Q86_2,Q86_3,Q86_4,Q86_6,Q87_1,Q87_2,Q87_3,Q87_4,Q87_5,Q87_6,Q87_7,Q88_1,Q88_13,Q88_14,Q88_15,Q88_16,Q88_17,Q88_18,Q89_1,Q89_2,Q89_3,Q90,Q26,education,Q28,Q29_1,Q29_2,Q29_3,Q29_4,Q29_5,Q29_6,Q29_6_TEXT,Q30,Q30_3_TEXT,Q31,Q31_7_TEXT,income,randomID,stai,age,S1701_C03_001E,S1903_C03_001E
56fdff4ee0f9ff000f19c466,0.333333333333333,10567,13.11111111111111,2022-01-11 01:58:47,2022-01-11 03:05:41,0,100,4014,1,2022-01-11 03:05:42,R_1hXwt64OqbyS0UY,NA,NA,NA,NA,41.3144073486328125,-73.8495025634765625,anonymous,EN,1,1,56fdff4ee0f9ff000f19c466,1,2,1,4,3,2,3,1,1,"With only four minutes left, I have to give up.  I refreshed the game about six times, but it always got stuck.  Once I got up to 19.  Sorry.",16.234,916.914,938.157,6,1,2,2,2,1,2,1,1,1,2,1,1,1,1,2,1,1,4,3,2,1,NA,NA,NA,NA,NA,5,2,3,2,1,2,5,5,1,3,5,5,5,5,5,3,NA,NA,NA,NA,1,1,2,2,2,2,2,2,2,2,5,5,1,2,2,1,2,NA,NA,1,NA,1,1,1,5,5,5,3,3,10,6,1,1,1,3,3,1,2,1,NA,NA,NA,NA,1,NA,NA,NA,NA,NA,NA,1,NA,NA,NA,NA,NA,NA,1,NA,NA,1,1946,5,2,1,NA,NA,NA,NA,NA,NA,2,NA,5,NA,2,2102,50,75,4,134719
57587b29713d8400061730e4,0.6,91601,14.4,2022-01-11 01:36:50,2022-01-11 01:57:06,0,100,1216,1,2022-01-11 01:57:07,R_bCyPNfPV0Csb4xX,NA,NA,NA,NA,34.16900634765625,-118.37129974365234375,anonymous,EN,1,1,57587b29713d8400061730e4,1,2,1,4,3,2,3,1,1,NA,8.523,8.523,329.371,1,1,2,3,3,1,2,2,1,1,2,2,2,2,1,1,1,2,2,2,1,NA,1,NA,NA,NA,NA,1,4,4,4,2,2,4,5,3,2,5,4,3,5,4,2,1,NA,NA,NA,NA,2,1,1,2,2,2,2,1,2,2,3,1,1,2,1,4,NA,NA,1,NA,1,1,3,3,5,4,3,4,8,4,2,2,2,3,3,2,2,1,NA,NA,NA,NA,NA,1,1,NA,1,NA,NA,NA,NA,NA,NA,1,NA,NA,1,NA,NA,1,1981,5,1,1,NA,NA,1,NA,NA,NA,2,NA,2,NA,5,1046,56,40,19.4,53911
578072b0c6144900014a0471,0.4,92843,16,2022-01-11 01:29:52,2022-01-11 02:08:05,0,100,2293,1,2022-01-11 02:08:05,R_2EHxXj0BxaaisG7,NA,NA,NA,NA,33.761993408203125,-117.9324951171875,anonymous,EN,1,1,578072b0c6144900014a0471,1,2,1,4,3,2,3,1,1,NA,10.686,10.686,335.575,1,3,3,2,2,2,1,2,3,1,3,3,2,2,2,3,3,1,2,3,3,NA,1,NA,NA,NA,NA,3,2,2,3,2,2,3,4,2,1,1,5,4,4,5,2,1,NA,NA,NA,NA,1,2,2,2,2,2,1,2,1,4,3,1,1,2,1,2,NA,NA,1,1,1,1,3,5,5,5,5,4,7,4,1,1,1,3,3,2,2,1,NA,NA,NA,NA,1,NA,NA,NA,NA,NA,NA,1,NA,NA,NA,NA,NA,NA,1,NA,NA,1,1991,2,1,1,NA,NA,NA,NA,NA,NA,1,NA,1,NA,7,1200,38,30,13.8,63248
587674406e2f8d00015c6148,0.516129032258065,88001,14.95,2022-01-11 01:27:32,2022-01-11 01:48:39,0,100,1266,1,2022-01-11 01:48:39,R_1QtJs35adwLfucj,NA,NA,NA,NA,32.28790283203125,-106.75910186767578125,anonymous,EN,1,1,587674406e2f8d00015c6148,1,2,1,4,3,2,3,1,1,NA,10.418,10.418,329.341,1,1,2,2,2,1,1,2,1,2,1,1,3,3,2,1,1,2,2,2,1,NA,1,NA,NA,NA,NA,2,2,2,2,3,3,4,4,2,3,3,4,4,4,5,4,NA,NA,NA,NA,1,2,1,1,1,1,2,2,1,2,2,4,2,2,1,4,2,NA,NA,1,NA,1,1,3,4,5,5,4,4,7,4,4,2,2,3,3,1,2,1,NA,NA,NA,NA,1,NA,NA,NA,NA,NA,NA,1,NA,NA,NA,NA,NA,NA,1,NA,NA,1,1990,5,2,1,NA,NA,NA,NA,NA,NA,1,NA,4,NA,11,9809,59,31,37.7,30102
58be2fc3bfc0f4000179f3c5,0.7,22153,12.45,2022-01-11 02:00:22,2022-01-11 02:24:55,0,100,1473,1,2022-01-11 02:24:56,R_2chl3G3TPbGL6UM,NA,NA,NA,NA,38.7740936279296875,-77.23850250244140625,anonymous,EN,1,1,58be2fc3bfc0f4000179f3c5,1,2,1,4,3,2,3,1,1,"On my first attempt, the game stalled on round two. I reloaded and it worked.",684.764,684.764,711.106,1,2,2,3,3,2,2,3,2,3,2,2,3,3,2,2,2,3,2,2,3,NA,1,NA,NA,NA,NA,2,5,5,3,4,3,5,5,3,3,5,4,4,4,3,2,NA,NA,NA,NA,1,1,1,2,2,2,2,2,2,1,3,2,1,4,2,1,4,NA,NA,NA,1,1,1,2,3,4,4,3,3,4,5,3,2,1,4,3,2,2,1,NA,NA,NA,NA,1,NA,NA,NA,NA,NA,NA,1,NA,NA,NA,NA,NA,NA,1,NA,NA,1,1971,7,2,1,NA,NA,NA,NA,NA,NA,1,NA,4,NA,4,4369,56,50,2.9,145828
58d9a79c33fef3000118abdf,0.6,60630,17.625,2022-01-11 01:37:32,2022-01-11 02:02:28,0,100,1495,1,2022-01-11 02:02:28,R_UApHnkq7UQ0E32F,NA,NA,NA,NA,41.9720001220703125,-87.7595977783203125,anonymous,EN,1,1,58d9a79c33fef3000118abdf,1,2,1,4,3,2,3,1,1,NA,9.57,9.57,761.802,1,3,2,2,2,3,2,2,2,2,2,1,2,1,2,3,2,2,2,2,1,NA,1,NA,NA,NA,NA,1,4,2,2,2,2,5,5,2,2,2,2,3,1,2,1,NA,NA,NA,NA,1,2,2,1,1,2,2,2,2,2,2,3,1,2,2,1,3,NA,NA,1,NA,NA,1,1,2,2,2,3,2,7,5,2,2,3,3,NA,2,2,1,NA,NA,NA,NA,1,NA,NA,NA,NA,NA,NA,1,NA,NA,NA,NA,NA,NA,1,NA,NA,1,1989,2,2,1,NA,NA,NA,NA,NA,NA,1,NA,8,NA,6,8981,48,32,9.5,73212
5a2111b5bf56cc000176feb5,0.583333333333333,30302,21.444444444444443,2022-01-11 01:57:44,2022-01-11 02:36:52,0,100,2347,1,2022-01-11 02:36:52,R_sLunNWlEhnv71GF,NA,NA,NA,NA,37.751007080078125,-97.82199859619140625,anonymous,EN,1,1,5a2111b5bf56cc000176feb5,1,2,1,4,3,2,3,1,1,"After round two, the screen/game froze. The color of the sprinkles was REALLY hard to determine.",3.82,332.133,670.385,2,1,1,3,3,1,2,3,1,1,2,1,2,1,2,1,1,3,2,1,1,NA,NA,NA,NA,1,NA,5,4,4,2,2,3,2,5,2,3,2,4,3,3,5,4,1,NA,NA,NA,NA,1,2,2,1,1,2,2,2,2,2,3,1,3,2,1,2,NA,1,1,1,1,1,3,5,4,5,3,4,8,3,3,3,3,3,3,1,2,1,NA,NA,NA,NA,1,NA,NA,NA,NA,NA,NA,1,NA,NA,NA,NA,NA,NA,1,NA,NA,1,1984,4,2,NA,1,NA,NA,NA,NA,NA,2,NA,1,NA,7,9971,61,37,NA,NA
5a67725b63394a000155abbb,0.65,61604,13.5,2022-01-11 01:56:22,2022-01-11 02:30:53,0,100,2070,1,2022-01-11 02:46:05,R_2QSpVnZlib8bDbk,NA,NA,NA,NA,40.7122039794921875,-89.62830352783203125,anonymous,EN,1,1,5a67725b63394a000155abbb,1,2,1,4,3,2,3,1,1,NA,13.41,343.802,347.111,7,3,3,2,2,2,2,3,2,2,3,3,2,1,3,2,2,3,4,2,2,NA,NA,1,NA,1,NA,1,1,2,2,2,2,3,4,2,2,2,4,5,5,5,3,1,NA,NA,NA,NA,1,2,2,2,2,1,1,2,1,3,2,3,3,1,3,2,NA,NA,1,1,1,1,4,5,4,5,5,3,4,1,2,2,1,2,3,2,2,1,NA,NA,NA,NA,NA,1,NA,NA,NA,1,NA,NA,NA,NA,NA,NA,1,NA,1,NA,NA,1,1975,3,2,1,NA,NA,NA,NA,NA,NA,2,NA,1,NA,4,4140,50,46,17.1,46803
5a6eac90d5d4cb0001d6815a,0.4,91606,16.45,2022-01-11 01:14:39,2022-01-11 01:35:41,0,100,1261,1,2022-01-11 01:35:41,R_2roQnbA4EzFPStM,NA,NA,NA,NA,34.18670654296875,-118.3878021240234375,anonymous,EN,1,1,5a6eac90d5d4cb0001d6815a,1,2,1,4,3,2,3,1,1,NA,3.563,3.563,309.374,1,2,2,2,1,2,1,2,2,1,3,1,2,2,3,2,2,2,3,3,2,NA,1,NA,NA,NA,NA,3,2,2,3,2,2,4,4,3,2,2,4,3,4,2,2,NA,NA,NA,NA,1,2,1,2,1,2,2,2,1,2,2,2,1,2,2,1,2,NA,NA,1,NA,NA,NA,1,2,2,2,3,2,4,5,3,2,1,3,3,1,2,1,NA,NA,NA,NA,1,NA,NA,NA,NA,NA,NA,1,NA,NA,NA,NA,NA,NA,1,NA,NA,1,1994,5,2,1,NA,NA,NA,NA,NA,NA,2,NA,4,NA,9,4275,48,27,17.4,50155
5a9262251eda410001360b2c,0.45,72113,13.45,2022-01-11 02:45:17,2022-01-11 03:15:58,0,100,1841,1,2022-01-11 03:15:59,R_3pbeWt1DSOi9kXh,NA,NA,NA,NA,34.85040283203125,-92.40889739990234375,anonymous,EN,1,1,5a9262251eda410001360b2c,1,2,1,4,3,2,3,1,1,NA,112.431,113.815,622.504,3,2,2,2,1,2,1,1,1,1,2,1,2,2,2,2,1,2,2,1,1,NA,1,NA,NA,NA,NA,5,1,1,3,1,1,5,5,1,1,2,2,5,3,4,5,NA,NA,NA,NA,1,2,1,2,2,2,2,2,1,2,2,2,2,1,2,1,3,NA,NA,1,1,1,1,4,2,4,5,5,2,2,4,4,3,2,3,3,2,2,1,NA,NA,NA,NA,1,NA,NA,NA,NA,NA,NA,1,NA,NA,NA,NA,NA,NA,1,NA,NA,1,1983,2,2,1,NA,NA,1,NA,NA,NA,2,NA,2,NA,3,8287,51,38,11.1,61898
5aeab6e39e185a0001b9e272,0.65,93035,13.9,2022-01-11 02:13:36,2022-01-11 02:33:55,0,100,1219,1,2022-01-11 02:33:55,R_3RpCAehHYJf6gyv,NA,NA,NA,NA,34.1855926513671875,-119.2136993408203125,anonymous,EN,1,1,5aeab6e39e185a0001b9e272,1,2,1,4,3,2,3,1,1,NA,6.04,6.04,327.277,1,2,2,3,3,2,2,1,1,1,2,2,1,1,1,2,2,1,3,2,2,NA,1,NA,NA,NA,NA,2,3,2,5,1,3,3,2,4,1,3,4,3,4,3,4,1,NA,NA,NA,NA,1,1,2,2,1,2,2,1,2,2,2,2,1,2,1,2,NA,NA,1,NA,1,1,4,3,4,3,4,5,4,1,2,1,2,3,3,2,2,1,NA,NA,NA,NA,1,NA,NA,NA,NA,NA,NA,1,NA,NA,NA,NA,NA,NA,1,NA,NA,1,1991,3,2,1,NA,NA,NA,NA,NA,NA,2,NA,2,NA,8,2833,48,30,6.5,92109
5bb09ecf6322c50001584d36,0.7,94123,13.8,2022-01-11 02:01:07,2022-01-11 02:19:36,0,100,1108,1,2022-01-11 02:19:36,R_vqXntwQimTIJ2qB,NA,NA,NA,NA,37.802093505859375,-122.4329986572265625,anonymous,EN,1,1,5bb09ecf6322c50001584d36,1,2,1,4,3,2,3,1,1,Sprinkles were nearly impossible to see on the order images. I also couldn't differentiate between the top and bottom sprinkles options.,6.451,332.61,367.714,2,2,3,2,2,2,1,1,1,1,2,1,1,1,1,2,1,1,2,1,1,1,NA,NA,NA,NA,NA,1,3,3,4,3,3,4,3,3,4,5,4,4,4,4,4,NA,NA,NA,NA,1,2,2,2,2,2,2,2,2,2,2,2,1,2,2,1,2,NA,NA,1,1,1,1,3,3,4,4,4,3,4,3,2,1,1,3,4,2,1,1,NA,NA,NA,NA,1,NA,NA,NA,NA,NA,NA,1,NA,NA,NA,NA,NA,NA,1,NA,NA,1,1997,3,2,1,NA,NA,1,NA,NA,NA,1,NA,4,NA,4,7703,47,24,4.3,162206
5bcbde9d08a62c0001f86bd0,0.555555555555556,76131,13.75,2022-01-11 01:33:35,2022-01-11 01:48:35,0,100,900,1,2022-01-11 01:48:35,R_3el58QFDq1mvKUm,NA,NA,NA,NA,32.8618927001953125,-97.3426971435546875,anonymous,EN,1,1,5bcbde9d08a62c0001f86bd0,1,2,1,4,3,2,3,1,1,NA,7.585,7.585,356.888,1,4,4,1,1,4,1,1,4,1,4,4,1,1,1,4,4,1,1,4,4,NA,NA,NA,NA,1,NA,1,2,2,2,2,2,2,2,2,2,2,4,4,5,4,4,1,NA,NA,NA,NA,1,2,2,2,2,2,1,2,1,5,4,1,2,2,1,2,NA,NA,1,NA,1,1,3,4,4,4,4,3,8,3,1,1,1,2,3,1,2,1,NA,NA,NA,NA,1,NA,NA,NA,NA,NA,NA,1,NA,NA,NA,NA,NA,NA,1,NA,NA,1,1983,5,2,1,NA,NA,NA,NA,NA,NA,1,NA,1,NA,8,6147,20,38,3.7,85312
5c1813d5d2790700010a718f,0.6,75209,21.6,2022-01-11 01:05:34,2022-01-11 01:51:08,0,100,2734,1,2022-01-11 01:51:09,R_ZwVww7sxERwHumt,NA,NA,NA,NA,32.896392822265625,-96.86350250244140625,anonymous,EN,1,1,5c1813d5d2790700010a718f,1,2,1,4,3,2,3,1,1,NA,27.244,397.352,722.412,3,1,2,4,1,2,1,2,2,1,1,2,4,4,2,1,2,3,3,1,1,NA,NA,NA,NA,1,NA,1,2,2,3,2,3,1,2,2,2,3,5,4,5,4,3,1,1,NA,NA,NA,1,2,2,2,2,2,1,2,1,4,3,1,2,2,1,1,1,1,1,1,1,1,4,4,4,4,4,4,7,3,1,1,1,1,1,1,2,1,NA,NA,NA,NA,1,NA,NA,NA,NA,NA,NA,1,NA,NA,NA,NA,NA,NA,1,NA,NA,1,1993,5,2,NA,NA,NA,1,NA,NA,NA,2,NA,1,NA,11,3333,60,28,6.3,95112
5c2fcf0aa945190001be8c68,0.75,76001,14.35,2022-01-11 01:45:40,2022-01-11 02:01:23,0,100,943,1,2022-01-11 02:01:23,R_2e8NQlTurIUV4Wn,NA,NA,NA,NA,32.6226959228515625,-97.1479034423828125,anonymous,EN,1,1,5c2fcf0aa945190001be8c68,1,2,1,4,3,2,3,1,1,NA,7.716,7.716,301.733,1,3,4,1,1,3,1,1,3,1,4,3,1,1,1,3,4,1,1,3,4,NA,1,NA,NA,NA,NA,2,2,1,1,1,1,1,2,1,2,1,5,5,5,5,5,1,NA,NA,NA,NA,1,2,2,2,2,2,1,1,2,2,4,1,3,2,1,2,1,1,1,1,1,1,5,5,5,5,5,5,8,3,2,2,2,3,3,1,2,1,NA,NA,NA,NA,1,NA,NA,NA,NA,NA,NA,1,NA,NA,NA,NA,NA,NA,1,NA,NA,1,1994,6,2,NA,NA,NA,1,NA,NA,NA,1,NA,1,NA,11,4304,26,27,9.9,88135
5c3388fa01439b0001a0adfe,0.55,8816,12.7,2022-01-11 01:52:30,2022-01-11 02:11:41,0,100,1150,1,2022-01-11 02:11:41,R_3dFVLJ2PmAxVIyA,NA,NA,NA,NA,40.43060302734375,-74.40200042724609375,anonymous,EN,1,1,5c3388fa01439b0001a0adfe,1,2,1,4,3,2,3,1,1,NA,25.509,25.509,351.535,1,2,3,3,3,2,1,1,2,1,2,2,2,2,3,2,2,1,2,1,2,NA,NA,NA,NA,1,NA,1,3,4,2,2,4,2,3,2,2,2,4,4,4,4,4,1,NA,NA,NA,NA,1,2,1,1,2,2,2,2,2,3,3,1,1,2,1,2,NA,NA,1,NA,NA,1,3,4,4,4,4,4,7,3,2,1,1,3,3,2,2,1,NA,NA,NA,NA,1,NA,NA,NA,NA,NA,NA,1,NA,NA,NA,NA,NA,NA,1,NA,NA,1,1983,6,2,1,NA,NA,NA,NA,NA,NA,2,NA,1,NA,10,2673,49,38,6.1,115029
5c3cc65bfcb87600014b707a,0.5,32935,12.8,2022-01-11 00:56:43,2022-01-11 01:20:16,0,100,1412,1,2022-01-11 01:20:17,R_2sWSOm9yEsWC71P,NA,NA,NA,NA,28.1403961181640625,-80.651397705078125,anonymous,EN,1,1,5c3cc65bfcb87600014b707a,1,2,1,4,3,2,3,1,1,You don't actually tell us what happens if it only has one heart. Really hard to see which sprinkles are on the ice cream.,5.589,468.276,486.267,3,4,3,1,1,3,1,1,2,1,3,3,1,1,1,3,3,1,1,3,3,NA,NA,NA,1,1,NA,6,2,2,2,2,2,2,4,2,2,2,3,4,3,4,4,1,1,NA,NA,NA,1,2,1,2,2,2,1,2,1,3,2,1,2,2,1,2,1,1,1,1,1,1,4,3,3,3,4,3,6,1,1,1,1,3,3,1,2,1,NA,NA,NA,NA,1,NA,NA,NA,NA,NA,NA,1,NA,NA,NA,NA,NA,NA,1,NA,NA,1,1977,4,2,1,NA,NA,NA,NA,NA,NA,1,NA,1,NA,7,5157,30,44,15,49611
5d0dd940312297000137d2a7,0.6,40291,1.3333333333333333,2022-01-11 01:57:33,2022-01-11 02:36:55,0,100,2361,1,2022-01-11 02:36:55,R_cYAiJAA1LbNFxhD,NA,NA,NA,NA,38.1278076171875,-85.5740966796875,anonymous,EN,1,1,5d0dd940312297000137d2a7,1,2,1,4,3,2,3,1,1,"The study kept freezing after a couple of tries, even after refreshing.",238.967,616.935,628.387,3,2,1,4,3,1,2,4,1,4,1,1,4,3,3,1,1,4,1,3,2,1,NA,NA,NA,NA,NA,1,5,3,3,4,5,5,5,5,3,3,5,5,5,5,5,NA,NA,NA,NA,1,2,1,2,1,2,2,2,1,2,2,2,1,1,2,1,4,NA,NA,1,NA,1,1,4,4,4,4,4,5,3,5,2,2,2,3,3,2,1,NA,NA,NA,NA,1,NA,1,1,NA,NA,1,1,NA,NA,1,NA,1,NA,NA,NA,NA,1,1,1957,5,2,NA,NA,NA,NA,NA,1,Prefer not to say,2,NA,2,NA,1,1472,68,64,5.8,73228
5d4f5ba3cafff0001b4426b3,0.5,93402,19.392857142857142,2022-01-11 01:59:24,2022-01-11 02:33:49,0,100,2065,1,2022-01-11 02:33:50,R_51NGHnyAmBJj6WR,NA,NA,NA,NA,35.378692626953125,-120.845703125,anonymous,EN,1,1,5d4f5ba3cafff0001b4426b3,1,2,1,4,3,2,3,1,1,Took 3 attempts (had to refresh twice) but it eventually worked.,10.934,952.136,956.24,11,2,2,1,1,2,1,1,2,1,2,3,1,1,2,2,1,1,1,2,2,1,NA,NA,NA,NA,NA,1,2,2,3,2,2,3,2,2,2,2,3,2,3,4,3,NA,NA,NA,NA,1,2,1,1,1,2,2,2,1,2,2,2,1,2,1,3,2,1,1,1,NA,1,NA,2,3,3,3,3,2,NA,4,2,NA,3,4,3,2,2,1,NA,NA,NA,NA,1,NA,NA,NA,NA,NA,NA,1,NA,NA,NA,NA,NA,NA,1,NA,NA,1,1992,2,2,1,NA,NA,NA,NA,NA,NA,1,NA,2,NA,5,3324,41,29,9.5,77708
5d72b189bcfd5b0001192507,0.6,30028,15.5,2022-01-11 01:49:12,2022-01-11 02:15:14,0,100,1562,1,2022-01-11 02:15:15,R_cMbkQtUBnRnzk8V,NA,NA,NA,NA,34.29229736328125,-84.18199920654296875,anonymous,EN,1,1,5d72b189bcfd5b0001192507,1,2,1,4,3,2,3,1,1,NA,4.691,4.691,645.447,1,3,3,1,1,3,1,2,3,1,3,3,1,1,1,3,3,2,1,3,3,NA,NA,NA,1,1,NA,6,4,4,2,2,2,3,4,2,3,2,4,4,4,4,4,1,NA,NA,NA,NA,1,2,2,2,2,2,1,2,2,3,3,2,1,2,1,3,NA,NA,1,1,1,1,5,3,3,4,4,4,5,1,2,2,2,3,3,2,2,NA,NA,1,NA,NA,NA,1,NA,NA,1,1,NA,NA,1,NA,NA,1,1,NA,1,NA,NA,1,1974,2,2,1,NA,NA,NA,NA,NA,NA,2,NA,1,NA,3,2761,32,47,6.7,93518
5d82dce291fa480016305897,0.566666666666667,63117,0,2022-01-11 01:19:04,2022-01-11 01:35:19,0,100,974,1,2022-01-11 01:35:19,R_x6gf9pbKXIIFMFb,NA,NA,NA,NA,38.6620025634765625,-90.28890228271484375,anonymous,EN,1,1,5d82dce291fa480016305897,1,2,1,4,3,2,3,1,1,NA,4.177,310.455,311.462,5,3,3,1,1,3,1,1,3,1,3,2,1,1,1,3,3,1,1,3,3,NA,1,NA,NA,NA,NA,2,2,2,2,2,2,2,2,2,2,2,4,4,4,4,4,1,NA,NA,NA,NA,1,2,1,2,2,2,2,2,1,3,3,1,2,2,1,1,1,1,1,1,1,1,5,4,4,4,4,4,6,5,1,1,1,3,3,1,2,1,NA,NA,NA,NA,1,NA,NA,NA,NA,NA,NA,1,NA,NA,NA,NA,NA,NA,1,NA,NA,1,1999,3,2,1,NA,NA,NA,NA,NA,NA,2,NA,1,NA,11,4997,31,22,6.2,77464
5d83c1e911cb3a0001570ea4,0.6,76107,15.15,2022-01-11 01:46:42,2022-01-11 02:50:59,0,100,3856,1,2022-01-11 02:50:59,R_cMAFns9NxUfLsw9,NA,NA,NA,NA,32.744598388671875,-97.3842010498046875,anonymous,EN,1,1,5d83c1e911cb3a0001570ea4,1,2,1,4,3,2,3,1,1,"Hello, I have been trying to complete the game for about 40 minutes. It stopped unexpectedly several times and a message stating a warning that the session was being closed was displayed. I finally completed all 20 rounds, after refreshing the page several times. However, the screen that appeared was just a solid gray with no further instruction. I am returning to this page and hope that all my responses were recorded. I tried my best to carefully follow all instructions in order to complete the game. I am using Google Chrome browser on my MAC computer. Thank you!",63.299,1452.763,1468.756,16,3,3,2,2,3,2,2,2,1,3,3,1,1,2,3,2,2,2,4,3,NA,NA,NA,NA,1,NA,2,1,1,1,1,2,4,4,2,2,2,5,5,5,5,4,NA,NA,NA,NA,1,1,2,2,2,2,2,2,2,1,4,4,2,2,2,1,2,1,NA,1,1,1,1,3,5,5,5,5,4,9,2,2,1,1,2,3,1,2,1,NA,NA,NA,NA,1,NA,NA,NA,NA,NA,NA,1,NA,NA,NA,NA,NA,NA,1,NA,NA,1,1970,5,2,1,NA,NA,NA,NA,NA,NA,2,NA,7,Not currently working due to choice,11,9332,38,51,12.1,66259
5d89c4dd68f9d60001a21500,0.5,95825,16.15,2022-01-11 01:19:27,2022-01-11 01:36:19,0,100,1012,1,2022-01-11 01:36:20,R_1jCJCuyHtrPpiHR,NA,NA,NA,NA,38.5823974609375,-121.37359619140625,anonymous,EN,1,1,5d89c4dd68f9d60001a21500,1,2,1,4,3,2,3,1,1,Difficult to distinguish sprinkle color but everything else was fine.,8.237,528.28,539.117,2,2,2,2,1,1,2,1,2,1,1,1,2,1,2,2,2,1,2,1,2,NA,1,NA,NA,1,NA,6,2,2,2,2,2,3,4,2,2,2,4,3,3,4,3,NA,NA,NA,NA,1,1,2,1,1,1,1,2,1,2,2,3,2,1,2,1,4,NA,NA,1,1,1,1,3,2,2,2,3,3,7,5,4,4,4,3,5,1,1,1,NA,NA,NA,NA,1,NA,NA,NA,NA,NA,NA,NA,NA,NA,NA,1,NA,NA,1,NA,NA,1,1997,2,2,1,NA,NA,NA,NA,NA,NA,2,NA,4,NA,12,9174,49,24,31.4,40515
5dbacecee2fafc0e38007428,0.75,23453,14.35,2022-01-11 01:42:22,2022-01-11 01:58:21,0,100,959,1,2022-01-11 01:58:21,R_sbcIROsgFRusNW1,NA,NA,NA,NA,36.7816009521484375,-76.0749969482421875,anonymous,EN,1,1,5dbacecee2fafc0e38007428,1,2,1,4,3,2,3,1,1,NA,2.978,2.978,320.247,1,3,2,1,1,2,1,1,2,1,2,1,1,1,2,2,3,1,2,3,1,NA,1,NA,NA,NA,NA,6,2,2,2,2,3,3,4,4,2,2,3,4,4,3,2,1,NA,NA,NA,NA,2,2,1,2,2,1,2,2,2,2,2,1,1,2,1,2,1,NA,1,1,1,1,3,2,3,2,4,3,2,4,2,1,2,3,3,2,2,1,NA,NA,NA,NA,1,NA,NA,NA,NA,NA,NA,1,NA,NA,NA,NA,NA,NA,1,NA,NA,1,1997,2,2,NA,1,NA,NA,NA,NA,NA,2,NA,1,NA,1,6750,41,24,9.6,69932
5dd05b3a381b6714036968f7,0.714285714285714,27610,14.45,2022-01-11 01:21:04,2022-01-11 01:35:33,0,100,869,1,2022-01-11 01:35:34,R_D64EMBpdP2xjrDr,NA,NA,NA,NA,35.7613983154296875,-78.60150146484375,anonymous,EN,1,1,5dd05b3a381b6714036968f7,1,2,1,4,3,2,3,1,1,NA,6.938,382.216,386.738,2,4,4,1,1,4,1,2,3,1,4,3,1,1,2,4,3,2,1,3,4,NA,1,1,NA,NA,NA,6,1,1,2,2,2,3,3,2,1,2,5,4,4,5,5,NA,1,1,NA,NA,1,2,2,2,2,2,1,2,1,5,4,1,1,2,1,2,1,NA,1,1,1,1,5,4,4,5,5,3,8,3,1,1,1,2,2,1,2,1,NA,NA,NA,NA,1,NA,NA,NA,NA,NA,NA,1,NA,NA,NA,NA,NA,NA,1,NA,NA,1,2000,3,2,NA,NA,NA,1,NA,NA,NA,2,NA,7,Student,4,8019,27,21,18.5,52868
5e68194d69f4cf0d24341331,0.5,95616,16.25,2022-01-11 01:14:32,2022-01-11 01:34:05,0,100,1172,1,2022-01-11 01:34:05,R_1H2KGv4eaiVHvah,NA,NA,NA,NA,38.5558929443359375,-121.739105224609375,anonymous,EN,1,1,5e68194d69f4cf0d24341331,1,2,1,4,3,2,3,1,1,NA,7.836,508.947,510.333,2,4,3,1,1,3,1,2,2,1,3,3,2,1,1,4,4,1,1,2,4,NA,NA,NA,NA,1,NA,3,2,2,1,1,1,2,4,1,1,2,5,4,2,5,2,1,NA,NA,NA,NA,1,1,2,1,1,2,1,1,1,2,1,1,2,1,4,2,NA,1,1,NA,1,1,2,5,5,5,3,4,6,4,3,3,2,3,3,1,2,1,NA,NA,NA,NA,1,NA,NA,NA,NA,NA,NA,1,NA,NA,NA,NA,NA,NA,1,NA,NA,1,1992,5,2,NA,NA,NA,1,NA,NA,NA,1,NA,1,NA,9,9046,30,29,35.6,55510
5e72cb561b6e9c21954bd7da,0.666666666666667,77379,14.95,2022-01-11 01:27:28,2022-01-11 01:49:44,0,100,1335,1,2022-01-11 01:49:44,R_3FKlbzYfirp0b7J,NA,NA,NA,NA,30.0408935546875,-95.5301971435546875,anonymous,EN,1,1,5e72cb561b6e9c21954bd7da,1,2,1,4,3,2,3,1,1,NA,10.533,10.533,350.989,1,3,2,2,2,2,1,1,2,1,3,2,1,1,1,3,2,1,1,2,2,NA,1,NA,NA,NA,NA,1,2,3,2,2,2,2,3,2,2,2,4,2,3,4,4,NA,1,1,NA,NA,1,2,2,2,2,2,1,2,1,4,4,1,2,2,1,2,NA,NA,1,1,1,1,4,4,4,4,4,4,8,3,1,1,1,2,3,1,2,1,NA,NA,NA,NA,1,NA,NA,NA,NA,NA,NA,1,NA,NA,NA,NA,NA,NA,1,NA,NA,1,1998,5,2,NA,NA,NA,1,NA,NA,NA,2,NA,7,Student,6,5973,39,23,5.6,103359
5e90031ac75edb305da74300,0.55,44143,14.05,2022-01-11 01:59:51,2022-01-11 02:16:16,0,100,985,1,2022-01-11 02:16:17,R_1jpkeEjW6JAudHz,NA,NA,NA,NA,41.56219482421875,-81.48419952392578125,anonymous,EN,1,1,5e90031ac75edb305da74300,1,2,1,4,3,2,3,1,1,NA,32.817,32.817,349.181,1,3,3,1,1,3,1,1,3,1,3,3,1,1,1,3,3,1,2,3,3,NA,1,NA,NA,NA,NA,6,1,1,3,2,2,3,3,3,2,1,5,5,5,5,5,1,NA,NA,NA,NA,2,2,2,2,2,2,1,2,2,3,3,1,2,2,1,2,NA,NA,1,NA,NA,NA,4,4,5,5,5,3,6,3,1,1,1,3,2,2,2,1,NA,NA,NA,NA,1,NA,NA,NA,NA,NA,NA,1,NA,NA,NA,NA,NA,NA,1,NA,NA,1,1986,3,2,NA,1,NA,NA,NA,NA,NA,2,NA,1,NA,10,2742,31,35,8.8,63292
5ea9ee70bd6e6c158af94cca,0.6,32819,8.692307692307692,2022-01-11 02:00:13,2022-01-11 02:33:11,0,100,1978,1,2022-01-11 02:33:12,R_5ySVOUrRyFZaVln,NA,NA,NA,NA,28.45379638671875,-81.46739959716796875,anonymous,EN,1,1,5ea9ee70bd6e6c158af94cca,1,2,1,4,3,2,3,1,1,I couldn't finish the game. I tried 3 times. First time i got to round 14/20 before I couldnt get any combination to pass. It's really hard to see.,7.939,765.151,781.594,16,2,3,3,2,2,2,1,1,1,3,3,1,1,1,2,2,1,2,3,3,1,1,NA,NA,NA,NA,3,2,1,1,2,2,4,4,2,2,3,3,4,3,4,4,NA,NA,NA,NA,1,2,1,2,2,2,2,2,1,2,2,3,2,2,1,4,2,1,NA,1,1,1,1,2,3,3,4,3,3,7,3,2,2,2,3,3,2,2,1,NA,NA,NA,NA,1,NA,NA,NA,NA,NA,NA,1,NA,NA,NA,NA,NA,NA,1,NA,NA,1,1993,5,2,1,NA,NA,NA,NA,NA,NA,1,NA,2,NA,2,2612,41,28,9.8,73088
5ead45a386fbbe3c8eebe510,0.45,10027,2.2,2022-01-11 02:02:57,2022-01-11 02:53:18,0,100,3020,1,2022-01-11 02:53:18,R_3gMnUxl28R9OmcU,NA,NA,NA,NA,40.8123016357421875,-73.96820068359375,anonymous,EN,1,1,5ead45a386fbbe3c8eebe510,1,2,1,4,3,2,3,1,1,NA,10.122,10.122,655.59,1,1,3,2,3,1,2,3,2,2,1,3,3,2,3,2,1,3,1,2,3,NA,1,NA,NA,NA,NA,1,2,1,2,2,1,4,4,2,2,2,5,5,5,5,4,NA,NA,NA,1,NA,1,2,1,1,1,2,2,2,2,2,3,1,1,1,4,2,NA,NA,1,1,1,NA,3,4,5,5,5,4,7,3,2,2,2,3,3,1,2,1,NA,NA,NA,NA,1,NA,NA,NA,NA,NA,NA,1,NA,NA,NA,NA,NA,NA,1,NA,NA,1,1996,5,1,NA,NA,NA,NA,NA,1,Latino,1,NA,4,NA,6,4180,55,25,25.3,51938
5eb21a0c910e381845f143df,0.363636363636364,92506,15.2,2022-01-11 01:32:49,2022-01-11 01:59:15,0,100,1585,1,2022-01-11 01:59:15,R_21nVrtqlzo6ogt5,NA,NA,NA,NA,33.9449005126953125,-117.38339996337890625,anonymous,EN,1,1,5eb21a0c910e381845f143df,1,2,1,4,3,2,3,1,1,NA,5.279,335.991,336.966,2,3,2,2,2,4,3,2,3,1,4,3,1,1,3,4,3,2,4,3,3,NA,1,1,NA,NA,NA,1,2,2,3,4,1,5,1,3,2,4,3,3,3,4,4,NA,1,NA,NA,NA,1,2,1,1,1,1,1,2,1,2,1,1,3,1,2,3,1,1,1,1,1,NA,4,4,2,5,4,4,6,3,2,NA,3,3,3,1,2,1,NA,NA,NA,NA,NA,NA,NA,NA,1,NA,NA,NA,NA,NA,NA,NA,1,NA,1,NA,NA,1,2001,3,2,1,NA,NA,NA,NA,NA,NA,1,NA,4,NA,11,8785,39,20,9,98111
5eda94f69f275211dff92234,0.85,97401,14,2022-01-11 02:05:09,2022-01-11 02:39:12,0,100,2042,1,2022-01-11 02:39:12,R_2zOykvtv0zIzsqq,NA,NA,NA,NA,44.06829833984375,-123.07630157470703125,anonymous,EN,1,1,5eda94f69f275211dff92234,1,2,1,4,3,2,3,1,1,"There were several challenges, you have a wrong answer in a question before, you did not state we needed to use chrome, my screen resolution was too low so I couldn't see what the sprinkles looked like so I had to guess which ones to use. The game also froze once. Hopefully this doesn't affect your data.",4.871,472.733,537.702,42,2,3,2,2,3,1,2,1,1,3,3,2,1,1,3,3,2,1,3,3,NA,1,NA,NA,1,NA,1,3,3,4,2,3,5,4,3,1,2,5,4,4,5,4,NA,NA,NA,NA,1,1,1,2,2,2,2,1,2,1,2,1,2,1,2,1,3,1,NA,1,1,1,1,3,5,5,5,4,2,2,1,2,1,2,4,3,1,2,1,NA,NA,NA,NA,NA,NA,NA,NA,NA,1,NA,NA,1,NA,NA,1,1,NA,1,NA,NA,1,1983,5,2,1,NA,NA,NA,NA,NA,NA,2,NA,7,Homemaker and Caretaker,3,5320,38,38,30.3,37662
5f1b013bc6a954057d31428e,0.85,1507,13.45,2022-01-11 01:25:02,2022-01-11 01:39:50,0,100,888,1,2022-01-11 01:39:50,R_9Xh8z7EBHpXqgpz,NA,NA,NA,NA,42.1378936767578125,-71.966400146484375,anonymous,EN,1,1,5f1b013bc6a954057d31428e,1,2,1,4,3,2,3,1,1,NA,2.47,8.014,325.069,4,3,3,1,2,3,2,1,2,1,2,2,1,1,2,2,2,1,2,2,2,NA,1,NA,NA,NA,NA,1,3,3,2,2,3,4,4,3,2,2,4,4,NA,5,3,NA,1,NA,NA,1,1,1,1,1,2,1,1,1,1,2,2,2,3,2,2,3,NA,NA,1,1,1,1,4,5,5,5,5,4,6,1,2,2,2,4,4,2,2,1,NA,NA,NA,NA,1,NA,NA,NA,NA,NA,NA,1,NA,NA,NA,NA,NA,NA,1,NA,NA,1,2001,1,2,1,NA,NA,NA,NA,NA,NA,3,Non-Binary,4,NA,6,1400,41,20,4.8,101111
5f2150b3319efd2d619a356b,0.55,6870,15.952380952380953,2022-01-11 01:29:20,2022-01-11 01:43:49,0,100,868,1,2022-01-11 01:43:49,R_1jfVyFkhhtPWECx,NA,NA,NA,NA,41.0641021728515625,-73.54799652099609375,anonymous,EN,1,1,5f2150b3319efd2d619a356b,1,2,1,4,3,2,3,1,1,NA,2.016,2.016,312.054,1,3,3,2,1,2,1,1,2,1,3,2,1,1,1,3,2,1,1,2,2,NA,1,NA,NA,NA,1,5,2,3,2,3,3,5,4,2,2,3,3,4,3,5,3,NA,1,NA,NA,NA,2,1,1,1,1,2,2,1,2,2,2,1,1,2,1,2,1,1,1,1,1,1,3,4,3,4,4,3,7,4,1,2,2,3,3,1,2,1,NA,NA,NA,NA,1,NA,NA,NA,NA,NA,NA,1,NA,NA,NA,NA,NA,NA,1,NA,NA,1,2001,3,2,1,NA,NA,NA,NA,NA,NA,1,NA,7,Student,5,3878,37,20,4.2,215850
5f6a764005a70d141c63f9e8,0.538461538461538,94545,20.903225806451612,2022-01-11 01:43:45,2022-01-11 02:14:58,0,100,1872,1,2022-01-11 02:14:58,R_1QAvrP0VXQLdxFC,NA,NA,NA,NA,37.6403045654296875,-122.0666961669921875,anonymous,EN,1,1,5f6a764005a70d141c63f9e8,1,2,1,4,3,2,3,1,1,the icecream image is too small to know which sprinkle was the correct one so it kept me constantly guessing,6.622,365.368,367.126,3,3,2,3,1,2,2,4,1,2,3,2,3,3,3,2,2,3,1,2,2,NA,1,NA,NA,NA,1,6,3,3,3,3,2,5,3,4,2,3,4,4,4,4,4,NA,1,1,1,NA,1,1,2,1,1,2,1,2,1,2,2,1,2,2,1,4,1,NA,NA,1,NA,NA,4,5,5,5,5,4,6,4,3,2,2,3,3,2,2,1,NA,NA,NA,NA,1,NA,NA,NA,NA,NA,NA,1,NA,NA,NA,NA,NA,NA,1,NA,NA,1,2001,2,2,NA,NA,NA,1,NA,NA,NA,2,NA,4,NA,8,1927,54,20,6.3,91310
5fb47a567e81961ae89ac614,0.6,10031,16.1,2022-01-11 02:01:57,2022-01-11 02:16:38,0,100,881,1,2022-01-11 02:16:38,R_1IlSsbBPW7dENsE,NA,NA,NA,NA,40.8231048583984375,-73.95130157470703125,anonymous,EN,1,1,5fb47a567e81961ae89ac614,1,2,1,4,3,2,3,1,1,NA,5.941,5.941,306.344,1,2,2,3,1,2,1,2,1,1,2,2,2,1,1,3,3,1,2,3,2,1,1,1,NA,NA,NA,1,4,4,2,2,2,4,4,4,3,2,4,4,5,4,3,NA,NA,1,NA,NA,1,1,1,1,2,2,2,2,1,3,2,1,2,2,1,2,1,1,1,1,1,1,1,3,3,4,4,4,7,2,2,2,2,4,3,1,2,1,NA,NA,NA,NA,1,NA,NA,NA,NA,NA,NA,NA,1,1,NA,NA,NA,NA,1,NA,NA,1,1989,6,2,NA,NA,NA,1,NA,NA,NA,2,NA,2,NA,6,6665,43,32,22,53660
5fb5611ae70d1603f68b026a,0.6,30101,13.1,2022-01-11 01:47:28,2022-01-11 02:02:28,0,100,900,1,2022-01-11 02:02:29,R_DwnntDmpyOsHNLz,NA,NA,NA,NA,33.9954986572265625,-84.6580963134765625,anonymous,EN,1,1,5fb5611ae70d1603f68b026a,1,2,1,4,3,2,3,1,1,NA,3.764,312.084,314.312,2,1,2,4,3,1,2,2,1,1,1,1,2,2,1,1,1,2,4,1,1,NA,NA,NA,NA,1,NA,2,5,5,4,3,3,5,4,4,2,5,5,5,4,4,4,NA,NA,1,NA,NA,1,1,1,1,1,2,2,1,2,1,1,2,2,2,1,4,NA,1,1,1,1,1,2,4,3,3,3,3,1,5,4,4,4,5,5,2,2,NA,NA,NA,NA,1,1,NA,NA,NA,NA,NA,NA,NA,NA,NA,NA,1,1,NA,1,NA,NA,1,1990,5,1,1,NA,1,NA,NA,NA,NA,1,NA,4,NA,2,4415,62,31,7,91786
5fbc1367373b9307763985c0,0.45,90004,16.35,2022-01-11 01:59:41,2022-01-11 02:21:58,0,100,1337,1,2022-01-11 02:21:58,R_2fkPFb7wL4xgdQI,NA,NA,NA,NA,34.076202392578125,-118.3029022216796875,anonymous,EN,1,1,5fbc1367373b9307763985c0,1,2,1,4,3,2,3,1,1,Order images were too small and I could not see the colors of the sprinkles,4.98,354.13,370.246,2,2,2,2,3,2,2,3,1,2,2,3,3,1,2,2,2,3,1,2,2,NA,1,1,NA,NA,NA,1,5,5,5,2,3,2,4,3,2,1,5,5,5,5,5,1,NA,NA,NA,NA,1,1,1,1,2,2,2,1,1,2,3,1,2,2,1,4,NA,NA,1,1,1,1,2,5,5,5,5,4,8,2,4,4,4,3,3,1,2,1,NA,NA,NA,NA,NA,NA,NA,NA,1,NA,NA,1,NA,NA,NA,NA,NA,NA,1,NA,NA,1,1997,5,1,NA,NA,NA,NA,NA,1,Latino,2,NA,1,NA,8,4709,52,24,17.8,49675
60469ae0450a7a0d20d26ee8,0.45,95120,12.2,2022-01-11 02:11:57,2022-01-11 02:29:39,0,100,1061,1,2022-01-11 02:29:39,R_3fplJATYfd4mA8A,NA,NA,NA,NA,37.212493896484375,-121.864105224609375,anonymous,EN,1,1,60469ae0450a7a0d20d26ee8,1,2,1,4,3,2,3,1,1,"The pictures of the ice cream were quite small, so it was hard to tell what colour sprinkles to use to fulfill some of the orders. Also, the instructions weren't written very clearly (in regards to the urgency and hearts mechanics).",5.34,357.547,414.044,2,2,3,3,1,2,1,3,1,2,3,1,1,2,2,3,2,1,3,2,2,1,1,1,NA,NA,NA,5,2,2,3,1,2,4,4,2,1,3,4,4,4,5,5,NA,1,NA,NA,1,2,1,1,1,2,1,2,1,1,2,2,2,1,2,1,2,1,1,1,1,1,1,3,4,3,5,5,4,3,6,2,3,2,3,3,2,2,1,NA,NA,NA,NA,1,NA,NA,NA,NA,NA,NA,1,NA,NA,NA,NA,NA,NA,1,NA,NA,1,2003,3,2,NA,NA,NA,1,NA,NA,NA,2,NA,8,NA,11,9710,48,18,3.4,206531
607d8d87cda66ac1ec2b0efe,0.5,33755,12.8,2022-01-11 01:43:18,2022-01-11 02:03:27,0,100,1208,1,2022-01-11 02:03:27,R_21oW7KinjkoXL8e,NA,NA,NA,NA,28.030303955078125,-82.7816009521484375,anonymous,EN,1,1,607d8d87cda66ac1ec2b0efe,1,2,1,4,3,2,3,1,1,NA,10.221,10.221,343.954,1,3,2,1,1,3,1,1,2,1,2,1,1,1,1,3,2,1,1,2,2,1,1,NA,NA,NA,NA,2,1,1,1,3,4,5,3,1,1,1,5,5,3,5,5,NA,NA,1,NA,1,2,2,1,2,2,1,1,2,1,2,1,1,2,2,1,3,1,NA,1,1,1,1,5,5,5,5,5,5,3,4,2,2,2,3,3,2,2,1,NA,NA,NA,NA,1,NA,NA,NA,NA,NA,NA,NA,NA,NA,NA,1,NA,NA,1,NA,NA,1,1990,2,2,NA,NA,NA,NA,NA,1,Middle Eastern,1,NA,4,NA,1,2928,38,31,23.8,39406
60ad9bb50498f3a88f8f4c4f,0.65,60647,12.8,2022-01-11 01:16:33,2022-01-11 01:42:19,0,100,1545,1,2022-01-11 01:42:19,R_SUEsIyrDZPGDz8J,NA,NA,NA,NA,41.9208984375,-87.7042999267578125,anonymous,EN,1,1,60ad9bb50498f3a88f8f4c4f,1,2,1,4,3,2,3,1,1,NA,6.727,6.727,328.379,1,2,3,4,2,2,1,4,1,1,2,1,3,4,2,1,1,3,3,1,1,NA,1,NA,NA,NA,NA,1,3,2,1,5,5,5,5,2,3,3,5,4,5,5,5,NA,NA,NA,NA,1,2,1,1,1,1,1,2,1,2,1,1,1,1,2,1,4,NA,NA,1,NA,NA,NA,4,5,4,5,3,5,3,4,2,3,3,3,3,2,2,1,NA,NA,NA,NA,1,NA,NA,NA,NA,NA,NA,NA,NA,NA,NA,1,NA,NA,1,NA,NA,1,2003,1,2,NA,1,NA,NA,NA,NA,NA,2,NA,4,NA,1,3616,62,18,13.9,78413
60ba71aa8f2ae12d3a595982,0.75,77449,15.05,2022-01-11 01:50:27,2022-01-11 02:04:08,0,100,821,1,2022-01-11 02:04:09,R_3IbfSyANNXpBvAe,NA,NA,NA,NA,29.833099365234375,-95.7498016357421875,anonymous,EN,1,1,60ba71aa8f2ae12d3a595982,1,2,1,4,3,2,3,1,1,"pictures of ice cream are too tiny, couldn't see colors of sprinkles",1.425,347.185,347.535,6,3,2,2,1,2,1,1,1,1,3,2,1,1,1,2,2,1,1,2,2,NA,1,NA,NA,NA,NA,6,3,4,2,3,2,4,3,3,1,5,4,4,4,5,4,NA,1,NA,NA,NA,1,1,1,1,2,1,2,1,2,2,1,1,2,2,1,3,1,NA,1,1,1,1,4,4,4,3,4,3,6,3,3,2,1,3,3,1,2,1,NA,NA,NA,NA,1,NA,NA,NA,NA,NA,NA,1,NA,NA,NA,NA,NA,NA,1,NA,NA,1,2002,3,2,NA,NA,NA,1,NA,NA,NA,2,NA,7,student,12,3697,40,19,7,78112
60d66ec4a3c13ac0f607e7d9,0.7,30302,12.3,2022-01-11 01:38:52,2022-01-11 02:05:04,0,100,1572,1,2022-01-11 02:05:04,R_2735DIPbmEFwXf4,NA,NA,NA,NA,33.7722015380859375,-84.39279937744140625,anonymous,EN,1,1,60d66ec4a3c13ac0f607e7d9,1,2,1,4,3,2,3,1,1,NA,14.223,14.412,326.897,2,3,2,1,1,2,1,1,2,1,3,2,1,1,1,3,2,1,1,2,3,NA,NA,NA,1,1,NA,1,3,2,2,2,1,3,3,2,2,2,5,3,4,5,3,1,NA,NA,NA,NA,1,2,2,2,2,2,1,2,1,2,3,1,1,2,1,2,1,1,1,1,1,1,4,5,4,5,5,3,7,2,2,1,2,3,3,2,2,1,NA,NA,NA,NA,1,NA,NA,NA,NA,NA,NA,1,NA,NA,NA,NA,NA,NA,1,NA,NA,1,1988,3,2,1,NA,NA,NA,NA,NA,NA,2,NA,1,NA,5,9397,36,33,NA,NA
60fddeb6dfaa94f6424e0916,0.6,90007,14.85,2022-01-11 01:45:29,2022-01-11 02:00:09,0,100,880,1,2022-01-11 02:00:10,R_3lKs2255mJONEvp,NA,NA,NA,NA,34.032196044921875,-118.283599853515625,anonymous,EN,1,1,60fddeb6dfaa94f6424e0916,1,2,1,4,3,2,3,1,1,NA,5.866,251.531,330.863,3,2,2,3,3,2,1,3,2,1,2,2,2,1,2,2,2,2,1,1,2,1,1,1,NA,NA,NA,1,1,1,1,2,2,2,1,1,1,1,5,5,4,4,3,NA,1,NA,1,NA,1,1,1,1,2,2,1,2,2,4,5,1,3,2,1,2,1,NA,1,1,NA,1,4,5,5,4,4,3,9,3,3,1,1,3,4,1,2,1,NA,NA,NA,NA,1,NA,NA,NA,NA,NA,NA,1,NA,NA,NA,NA,NA,NA,1,NA,NA,1,2003,2,2,1,NA,NA,1,NA,NA,NA,2,NA,2,NA,12,8181,50,18,41.1,27406
60fe83c4f1cfa0b516b363cc,0.55,89129,14.15,2022-01-11 01:56:43,2022-01-11 02:16:30,0,100,1187,1,2022-01-11 02:16:31,R_RsPatgDfKu0i7Qd,NA,NA,NA,NA,36.2472991943359375,-115.28209686279296875,anonymous,EN,1,1,60fe83c4f1cfa0b516b363cc,1,2,1,4,3,2,3,1,1,NA,9.173,9.173,346.073,1,2,3,2,1,2,1,2,3,1,2,2,2,1,1,2,3,2,2,3,3,NA,1,NA,NA,NA,NA,3,2,1,3,2,2,4,4,1,1,1,5,4,4,3,3,NA,1,NA,NA,NA,2,1,2,1,1,1,1,1,1,1,2,1,2,2,1,3,1,NA,1,1,1,1,5,3,3,3,5,3,6,4,4,4,3,3,3,1,2,1,NA,NA,NA,NA,1,NA,NA,NA,NA,NA,NA,1,NA,NA,NA,NA,NA,NA,1,NA,NA,1,2000,4,2,1,NA,NA,NA,NA,NA,NA,2,NA,6,NA,5,9035,40,21,8.8,75719
60ff03bff7510240e42ea366,0.55,8002,11.7,2022-01-11 01:35:06,2022-01-11 01:47:36,0,100,749,1,2022-01-11 01:47:36,R_30pAepHcfc6XXCO,NA,NA,NA,NA,39.9241943359375,-75.0193023681640625,anonymous,EN,1,1,60ff03bff7510240e42ea366,1,2,1,4,3,2,3,1,1,NA,5.791,290.101,312.364,3,3,2,2,1,3,1,1,2,1,2,2,1,1,1,3,2,1,1,2,2,NA,1,NA,NA,NA,NA,6,2,2,3,2,2,2,4,3,3,3,2,3,2,4,4,1,1,NA,NA,NA,1,1,1,1,2,2,2,1,2,2,2,1,2,1,2,2,NA,NA,1,1,1,1,4,5,4,4,4,3,6,4,3,2,2,3,3,1,2,1,NA,NA,NA,NA,1,NA,NA,NA,NA,NA,NA,1,NA,NA,NA,NA,NA,NA,1,NA,NA,1,2001,3,2,NA,NA,NA,1,NA,NA,NA,2,NA,1,NA,11,2702,38,20,6.7,82285
60ffa27ef109cff85bbdb0d0,0.8,90009,14.85,2022-01-11 01:37:53,2022-01-11 02:06:31,0,100,1718,1,2022-01-11 02:06:32,R_1cThdoiPGJrhQ0l,NA,NA,NA,NA,33.748504638671875,-84.3871002197265625,anonymous,EN,1,1,60ffa27ef109cff85bbdb0d0,1,2,1,4,3,2,3,1,1,NA,9.137,558.505,562.137,2,1,1,2,2,1,1,4,1,1,3,3,3,1,3,1,2,4,4,2,3,NA,NA,1,NA,NA,NA,1,1,3,1,2,1,4,1,2,1,1,5,5,5,5,5,NA,1,NA,NA,NA,1,1,2,2,2,2,1,2,1,2,3,1,2,2,1,4,1,1,1,1,1,1,5,5,5,5,5,5,8,3,4,3,2,4,3,2,2,1,NA,NA,NA,NA,1,NA,NA,NA,NA,NA,NA,1,NA,NA,NA,NA,NA,NA,1,NA,NA,1,NA,4,2,1,1,NA,NA,NA,NA,NA,2,NA,1,NA,1,6540,57,NA,NA,NA
61000548bfce02691ae7b0e3,0.75,12533,8.636363636363637,2022-01-11 01:51:48,2022-01-11 02:15:36,0,100,1428,1,2022-01-11 02:15:37,R_1mORdoKWrJ9kXfp,NA,NA,NA,NA,41.5637969970703125,-73.7953033447265625,anonymous,EN,1,1,61000548bfce02691ae7b0e3,1,2,1,4,3,2,3,1,1,NA,8.564,8.564,334.06,1,3,2,2,3,1,3,2,1,2,2,3,2,3,3,2,2,3,2,2,3,NA,1,NA,NA,NA,NA,7,2,3,2,2,2,2,2,2,2,4,3,4,3,4,3,1,NA,NA,NA,NA,1,1,1,1,1,1,1,1,1,2,2,2,1,2,1,2,1,1,1,1,1,1,4,4,4,4,4,3,7,3,4,3,3,3,3,2,2,1,NA,NA,NA,NA,1,NA,NA,NA,NA,NA,NA,NA,NA,NA,1,NA,NA,1,1,NA,NA,1,1999,4,2,1,NA,NA,1,NA,NA,NA,2,NA,1,NA,1,4000,54,22,3.7,105150
61075b92e19f66cbabb8abf7,0.7,39503,9.5,2022-01-11 01:54:43,2022-01-11 02:32:48,0,100,2285,1,2022-01-11 02:32:49,R_3hiJKPUtYWZECOq,NA,NA,NA,NA,30.4604949951171875,-89.085601806640625,anonymous,EN,1,1,61075b92e19f66cbabb8abf7,1,2,1,4,3,2,3,1,1,"I reloaded the game twice and both times it stopped ticking up rounds.  No hearts ever ticked down and each time it allowed me to choose through different options without the pictures ever changing.  The first time the round counter stopped on round 14 and didn't move further, and the second time it stopped on round 2.  After several submission attempts I exited the game.",11.273,712.256,715.575,4,2,3,3,3,2,2,2,1,1,2,1,2,3,1,2,1,2,2,2,2,NA,NA,NA,1,1,NA,5,3,3,2,2,2,5,2,2,1,4,3,4,5,4,4,NA,NA,NA,NA,1,1,1,2,1,1,2,2,1,2,2,1,1,2,2,1,3,1,NA,1,1,NA,1,3,3,4,4,5,4,3,1,2,3,3,3,3,1,2,1,NA,NA,NA,NA,NA,NA,NA,NA,NA,NA,1,NA,NA,1,NA,NA,1,NA,1,NA,NA,1,1991,6,2,1,NA,NA,NA,NA,NA,NA,2,NA,6,NA,3,3825,53,30,18,53746
6110b932387d8b48daa71519,0.5,39401,11.5,2022-01-11 01:25:07,2022-01-11 01:45:53,0,100,1246,1,2022-01-11 01:45:53,R_2UbxhSW2GXehYt7,NA,NA,NA,NA,31.3079986572265625,-89.306396484375,anonymous,EN,1,1,6110b932387d8b48daa71519,1,2,1,4,3,2,3,1,1,NA,14.527,14.527,333.098,1,3,3,2,2,1,2,3,2,1,2,1,3,4,4,2,1,3,3,1,2,1,1,1,NA,NA,NA,1,2,4,5,2,4,5,4,4,4,3,4,3,2,4,5,1,NA,NA,NA,NA,2,1,1,1,1,2,2,1,1,1,2,2,2,2,2,3,1,1,1,1,1,1,5,3,3,3,4,5,6,5,4,3,3,3,3,2,2,1,NA,NA,NA,NA,1,NA,NA,NA,NA,NA,NA,1,NA,NA,NA,NA,NA,NA,1,NA,NA,1,2001,3,2,1,NA,NA,NA,NA,NA,NA,2,NA,1,NA,1,9230,59,20,33.3,32691
61245769826057b69678987a,0.65,91335,13.9,2022-01-11 01:27:47,2022-01-11 01:47:38,0,100,1190,1,2022-01-11 01:47:38,R_yEAgNw7KSFJwfct,NA,NA,NA,NA,34.197906494140625,-118.53710174560546875,anonymous,EN,1,1,61245769826057b69678987a,1,2,1,4,3,2,3,1,1,NA,22.313,22.677,374.752,2,3,3,2,3,3,1,2,2,1,3,3,2,2,3,2,3,3,2,3,3,NA,1,NA,NA,NA,NA,1,2,2,3,1,2,5,2,2,2,2,5,5,5,5,5,NA,1,NA,NA,NA,1,2,2,1,2,2,1,2,1,4,3,1,2,2,2,2,1,1,1,1,NA,NA,5,5,5,5,5,5,9,4,2,1,1,3,4,1,2,1,NA,NA,NA,NA,1,NA,NA,NA,NA,NA,NA,1,NA,NA,NA,NA,NA,NA,1,NA,NA,1,2002,2,1,NA,NA,NA,NA,NA,NA,NA,2,NA,7,full time student,4,7839,43,19,13.6,63748
612b171fea06ce92c9062185,0.6,93901,12.15,2022-01-11 01:59:48,2022-01-11 02:19:08,0,100,1159,1,2022-01-11 02:19:08,R_pg8NrjwvIa3DaNP,NA,NA,NA,NA,36.6703948974609375,-121.6591949462890625,anonymous,EN,1,1,612b171fea06ce92c9062185,1,2,1,4,3,2,3,1,1,NA,7.99,7.99,623.382,1,3,1,1,3,2,3,4,1,3,1,1,3,3,2,2,1,4,3,2,1,NA,NA,NA,1,1,NA,7,3,1,1,1,1,3,5,1,4,1,2,4,1,1,5,1,NA,NA,NA,NA,2,1,2,2,2,2,2,2,2,2,2,1,1,2,1,3,NA,NA,NA,1,1,1,5,1,3,3,4,5,4,4,2,2,3,3,3,1,2,1,NA,NA,NA,NA,1,NA,NA,NA,NA,NA,NA,1,NA,NA,NA,NA,NA,NA,1,NA,NA,1,1985,6,2,1,NA,NA,NA,NA,NA,NA,1,NA,1,NA,7,4335,64,36,15,64678
6141ade0a0c0141ea2acdd86,0.5,92620,13.95,2022-01-11 01:23:57,2022-01-11 01:56:08,0,100,1930,1,2022-01-11 01:56:08,R_3lSJB8v1gaUMnW7,NA,NA,NA,NA,33.701507568359375,-117.75279998779296875,anonymous,EN,1,1,6141ade0a0c0141ea2acdd86,1,2,1,4,3,2,3,1,1,NA,10.519,10.519,325.861,1,2,2,4,4,1,2,2,1,1,3,2,2,2,1,2,1,1,4,2,2,NA,1,1,NA,1,NA,1,2,2,3,1,1,3,1,1,1,1,5,5,5,5,5,1,NA,NA,NA,1,1,2,1,2,2,2,1,2,1,4,3,1,2,1,4,2,1,1,1,1,1,1,5,5,5,5,5,3,8,4,2,1,2,2,3,1,2,1,NA,NA,NA,NA,1,NA,NA,NA,NA,NA,NA,1,NA,NA,NA,NA,NA,NA,1,NA,NA,1,1998,6,2,NA,NA,NA,1,NA,NA,NA,2,NA,1,NA,7,1485,55,23,9,115826
