Submission id,Participant id,Status,Started at,Completed at,Reviewed at,Archived at,Time taken,Completion code,Total approvals,Age,Sex,Ethnicity simplified,Country of birth,Country of residence,Nationality,Language,Student status,Employment status
64b887f092ee8510b60b7d65,5b745fb794c93d00010fc4c6,AWAITING REVIEW,2023-07-20T01:03:49.204000Z,2023-07-20T01:27:47.986000Z,,2023-07-20T01:27:49.652499Z,1439,NOCODE,2331,47,Male,White,United States,United States,United States,English,No,DATA_EXPIRED
64b88ba7f98f120ff1be9a97,622ab357bb3af819f2e5df3b,AWAITING REVIEW,2023-07-20T01:19:41.186000Z,2023-07-20T02:31:09.441000Z,,2023-07-20T02:31:10.130154Z,4289,938A5AE7,1679,58,Male,White,United States,United States,United States,English,No,Part-Time
64b88d424bf46413a7be9a9c,5e88dd7a0febe805d3a120b6,AWAITING REVIEW,2023-07-20T01:26:34.457000Z,2023-07-20T02:10:12.146000Z,,2023-07-20T02:10:12.629568Z,2618,NOCODE,894,44,Female,White,United States,United States,United States,English,No,Full-Time
64b88ebf8dcd8157c931e0b7,63e5b96c546f7b99d7d44c89,AWAITING REVIEW,2023-07-20T01:32:51.517000Z,2023-07-20T02:52:39.482000Z,,2023-07-20T02:52:39.960239Z,4788,938A5AE7,173,30,Male,Black,DATA_EXPIRED,United States,United States,English,DATA_EXPIRED,DATA_EXPIRED
64b88f3e1474fd32af0b7d6b,5e3f46919eec8d1a04b6880f,AWAITING REVIEW,2023-07-20T01:34:58.049000Z,2023-07-20T01:56:30.428000Z,,2023-07-20T01:56:30.942516Z,1293,NOCODE,624,35,Female,White,United States,United States,United States,English,Yes,Part-Time
64b88f9eb312143102421478,6283e1c0021bbb06c7748609,AWAITING REVIEW,2023-07-20T01:36:38.612000Z,2023-07-20T01:57:44.944000Z,,2023-07-20T01:57:45.441608Z,1267,NOCODE,489,21,Female,Asian,United States,United States,United States,English,DATA_EXPIRED,DATA_EXPIRED
64b8909cb41e1bdbbd87f50a,63de2e4a0c6fd41343f82a79,AWAITING REVIEW,2023-07-20T01:40:49.386000Z,2023-07-20T02:55:03.525000Z,,2023-07-20T02:55:04.038802Z,4455,938A5AE7,158,31,Female,White,United States,United States,United States,English,No,Full-Time
64b891d61c9607cc3dc0f672,5ff7c0aca2b5844e7af63fc4,AWAITING REVIEW,2023-07-20T01:46:01.389000Z,2023-07-20T02:38:59.102000Z,,2023-07-20T02:38:59.600495Z,3178,NOCODE,2886,38,Male,White,United States,United States,United States,English,No,Full-Time
64b892c8413514a9d4915e10,5eaf2b7e05ff7862e21e9d3b,AWAITING REVIEW,2023-07-20T01:50:04.026000Z,2023-07-20T02:28:26.335000Z,,2023-07-20T02:28:26.992915Z,2303,938A5AE7,4212,44,Female,Black,United States,United States,United States,English,No,"Not in paid work (e.g. homemaker', 'retired or disabled)"
64b892cac228ccf60461d692,55595b70fdf99b387ae30d2b,AWAITING REVIEW,2023-07-20T01:50:11.569000Z,2023-07-20T02:19:22.924000Z,,2023-07-20T02:19:23.431747Z,1752,938A5AE7,3611,36,Female,White,United States,United States,United States,English,DATA_EXPIRED,DATA_EXPIRED
64b893520c31889b10ba4f72,5c04872c55614800012b7cf0,AWAITING REVIEW,2023-07-20T01:58:15.986000Z,2023-07-20T02:24:59.455000Z,,2023-07-20T02:24:59.966168Z,1604,938A5AE7,1285,25,Female,White,United States,United States,United States,English,No,Full-Time
64b893b60f1229b266c0f646,6110b886c05e819d26986dd1,AWAITING REVIEW,2023-07-20T01:56:15.671000Z,2023-07-20T02:23:27.882000Z,,2023-07-20T02:23:28.517114Z,1633,938A5AE7,306,20,Female,Other,United States,United States,United States,English,Yes,DATA_EXPIRED
64b893c1a72480a36cb016c7,5ed9bbb5b8c16356b385a96f,AWAITING REVIEW,2023-07-20T01:54:37.178000Z,2023-07-20T02:20:38.479000Z,,2023-07-20T02:20:39.052080Z,1562,NOCODE,79,23,Male,White,United States,United States,United States,English,No,Full-Time
64b893d2ed616bf02a421496,5e26341c63251a881e185ecf,AWAITING REVIEW,2023-07-20T01:57:13.579000Z,2023-07-20T02:21:02.550000Z,,2023-07-20T02:21:03.110053Z,1429,NOCODE,1643,50,Female,White,United States,United States,United States,English,No,Part-Time
64b894137307a0262fbeaaae,6093ffebbc25c98167fe09e5,AWAITING REVIEW,2023-07-20T01:55:43.280000Z,2023-07-20T02:29:15.875000Z,,2023-07-20T02:29:16.345395Z,2013,NOCODE,4,26,Female,Asian,United States,United States,United States,English,Yes,Full-Time
64b8943fa51ac349d3421470,59d9d9cd8fd07a0001842484,AWAITING REVIEW,2023-07-20T01:56:15.831000Z,2023-07-20T03:03:38.164000Z,,2023-07-20T03:03:38.652863Z,4043,938A5AE7,1592,29,Male,Mixed,United States,United States,United States,English,No,Full-Time
64b894bf0b19f59dc4230c04,60528358827e88148642cfeb,AWAITING REVIEW,2023-07-20T01:58:27.767000Z,2023-07-20T02:42:53.337000Z,,2023-07-20T02:42:53.798901Z,2666,938A5AE7,481,26,Female,White,United States,United States,United States,English,DATA_EXPIRED,DATA_EXPIRED
64b8954b520888de6edf4a69,62e9731465fb490879d942c7,AWAITING REVIEW,2023-07-20T02:00:45.889000Z,2023-07-20T02:21:22.773000Z,,2023-07-20T02:21:23.305591Z,1237,NOCODE,1512,33,Male,Asian,United States,United States,United States,English,DATA_EXPIRED,DATA_EXPIRED
64b895a633de97361bb25052,603ee4c2bd61ee1a08fd6a8a,AWAITING REVIEW,2023-07-20T02:02:18.908000Z,2023-07-20T02:24:57.540000Z,,2023-07-20T02:24:58.013510Z,1359,938A5AE7,1709,37,Female,Mixed,United States,United States,United States,English,DATA_EXPIRED,DATA_EXPIRED
64b896a1c1cff311a3230c0d,5f2f6bd965964e35e20c7445,AWAITING REVIEW,2023-07-20T02:06:49.115000Z,2023-07-20T02:50:00.711000Z,,2023-07-20T02:50:01.219564Z,2592,NOCODE,1052,55,Female,White,United States,United States,United States,English,DATA_EXPIRED,DATA_EXPIRED
64b89704e662492609c0f65b,60fcf7102d7c9907d95a0920,AWAITING REVIEW,2023-07-20T02:08:14.545000Z,2023-07-20T02:38:35.266000Z,,2023-07-20T02:38:35.831523Z,1821,NOCODE,428,25,Female,White,United States,United States,United States,English,Yes,Part-Time
64b8974fda7f2a1905fc246c,6491d720871d9f5e16eafb93,AWAITING REVIEW,2023-07-20T02:09:36.925000Z,2023-07-20T02:41:12.899000Z,,2023-07-20T02:41:13.424119Z,1896,NOCODE,140,19,Female,White,United States,United States,United States,English,Yes,Part-Time
64b89845d4007472134912d3,610c24152939c927ad421fa9,AWAITING REVIEW,2023-07-20T02:13:40.206000Z,2023-07-20T02:35:35.024000Z,,2023-07-20T02:35:35.590098Z,1315,NOCODE,698,30,Female,White,United States,United States,United States,English,No,Full-Time
64b898a9d27d71bcf5abb41a,5f9e612e5e10814115cc780d,AWAITING REVIEW,2023-07-20T02:15:19.594000Z,2023-07-20T02:54:49.366000Z,,2023-07-20T02:54:49.839819Z,2370,938A5AE7,2787,49,Male,White,United States,United States,United States,English,No,Other
64b898c6427f072176abb437,6486327282b82fce27a06a5d,AWAITING REVIEW,2023-07-20T02:15:45.373000Z,2023-07-20T02:50:31.251000Z,,2023-07-20T02:50:31.779114Z,2086,NOCODE,168,53,Female,Other,United States,United States,United States,English,No,Part-Time
64b898ea7aa08f15ddc0f6a2,5da20df461471f0014bb184e,AWAITING REVIEW,2023-07-20T02:16:37.667000Z,2023-07-20T02:35:46.588000Z,,2023-07-20T02:35:47.273174Z,1149,938A5AE7,1073,31,Male,White,United States,United States,United States,English,DATA_EXPIRED,DATA_EXPIRED
64b898fd1547ac12cf6cb447,5de33ff0cc246f3633dc01d2,AWAITING REVIEW,2023-07-20T02:16:34.936000Z,2023-07-20T04:03:35.363000Z,,2023-07-20T04:03:35.870639Z,6421,938A5AE7,4479,36,Male,White,United States,United States,United States,English,DATA_EXPIRED,DATA_EXPIRED
64b89920a6f345adefba4f64,633e6a1349fdb14001eee810,AWAITING REVIEW,2023-07-20T02:17:09.568000Z,2023-07-20T02:51:59.699000Z,,2023-07-20T02:52:00.243965Z,2091,NOCODE,395,37,Male,White,United States,United States,United States,English,DATA_EXPIRED,DATA_EXPIRED
64b89938670a1716c8f7f82e,6003ef9269c7814f0ca7b46a,AWAITING REVIEW,2023-07-20T02:23:42.873000Z,2023-07-20T03:06:40.946000Z,,2023-07-20T03:06:41.549405Z,2579,938A5AE7,1220,35,Male,DATA_EXPIRED,Philippines,United States,United States,English,No,DATA_EXPIRED
64b899472391046200a6189f,5d09895e65eb3400189cc207,AWAITING REVIEW,2023-07-20T02:23:50.620000Z,2023-07-20T03:36:26.756000Z,,2023-07-20T03:36:27.217877Z,4357,938A5AE7,765,37,Female,Black,United States,United States,United States,English,No,Full-Time
64b899802391046200a618aa,6484ed9b2a50c7bbdb9e92c6,AWAITING REVIEW,2023-07-20T02:19:12.336000Z,2023-07-20T02:43:05.355000Z,,2023-07-20T02:43:05.886891Z,1434,NOCODE,117,24,Female,White,United States,United States,United States,English,Yes,Part-Time
64b89a4cf1b554ea26abf558,5d1b0776e1c05200018b582d,AWAITING REVIEW,2023-07-20T02:27:23.905000Z,2023-07-20T03:50:12.739000Z,,2023-07-20T03:50:13.275545Z,4969,938A5AE7,653,35,Female,Other,United States,United States,United States,English,No,Full-Time
64b89a7cc0bc662be586be1c,5d63f9cd26a2ac001758c70d,AWAITING REVIEW,2023-07-20T02:23:08.219000Z,2023-07-20T03:24:15.052000Z,,2023-07-20T03:24:15.720681Z,3667,938A5AE7,1249,35,Male,White,United States,United States,United States,English,DATA_EXPIRED,DATA_EXPIRED
64b89b268dec4391b0260ff6,5c2cb3b41f8ea700015c44f0,AWAITING REVIEW,2023-07-20T02:25:47.325000Z,2023-07-20T02:54:24.776000Z,,2023-07-20T02:54:25.257091Z,1718,938A5AE7,1590,37,Male,White,United States,United States,United States,English,DATA_EXPIRED,DATA_EXPIRED
64b89b8fd2ff5696c6abf538,5fc30c35704ddd267cc9123f,AWAITING REVIEW,2023-07-20T02:27:37.704000Z,2023-07-20T03:04:58.458000Z,,2023-07-20T03:04:59.036145Z,2241,938A5AE7,2958,36,Female,White,United States,United States,United States,English,No,Full-Time
64b89c60947509d0660d0160,62e0694f2df985fd601c85de,AWAITING REVIEW,2023-07-20T02:31:02.367000Z,2023-07-20T02:57:20.183000Z,,2023-07-20T02:57:20.761364Z,1578,NOCODE,331,27,Female,White,United States,United States,United States,English,DATA_EXPIRED,DATA_EXPIRED
64b89c751ddc67d08fbb927b,57c725d89a5f4f0001f661bd,AWAITING REVIEW,2023-07-20T02:31:35.796000Z,2023-07-20T03:08:15.307000Z,,2023-07-20T03:08:15.796298Z,2200,938A5AE7,2851,49,Male,White,United States,United States,United States,English,No,Full-Time
64b89c80f2fdfa46575715ce,634628e1fb755d3adb009a70,AWAITING REVIEW,2023-07-20T02:32:05.227000Z,2023-07-20T03:26:02.907000Z,,2023-07-20T03:26:03.404475Z,3238,NOCODE,1492,35,Male,White,United States,United States,United States,English,No,Full-Time
64b89cb9ceafec40398f5c9c,58be2fc3bfc0f4000179f3c5,AWAITING REVIEW,2023-07-20T02:32:25.392000Z,2023-07-20T03:02:17.627000Z,,2023-07-20T03:02:18.102297Z,1793,NOCODE,3599,52,Male,White,United States,United States,United States,English,No,Unemployed (and job seeking)
64b89cd4586a4f8688df4a38,62896076149e8f156545884c,AWAITING REVIEW,2023-07-20T02:41:19.816000Z,2023-07-20T03:46:04.610000Z,,2023-07-20T03:46:06.851908Z,3885,938A5AE7,2332,DATA_EXPIRED,Male,White,United States,United States,United States,English,No,DATA_EXPIRED
64b89d04cfc274349387f503,5bd0607192f92c0001f84021,AWAITING REVIEW,2023-07-20T02:33:45.278000Z,2023-07-20T03:05:38.464000Z,,2023-07-20T03:05:38.952808Z,1914,NOCODE,1645,38,Female,Black,United States,United States,United States,English,No,"Not in paid work (e.g. homemaker', 'retired or disabled)"
64b89d14ca7f7b76d11e0fc6,64135efbd2ef675b8e179a21,AWAITING REVIEW,2023-07-20T02:35:04.346000Z,2023-07-20T03:09:16.920000Z,,2023-07-20T03:09:17.380648Z,2053,NOCODE,896,58,Female,White,United States,United States,United States,English,No,Full-Time
64b89d5fca7f7b76d11e0fd3,5a2adf6a8e00a000019864fb,AWAITING REVIEW,2023-07-20T02:36:30.003000Z,2023-07-20T02:58:34.380000Z,,2023-07-20T02:58:34.912332Z,1325,NOCODE,2749,40,Male,White,United States,United States,United States,English,No,Full-Time
64b89d9169dba249f5421452,62bdadf07a2fd70b3257e791,AWAITING REVIEW,2023-07-20T02:36:01.613000Z,2023-07-20T03:02:04.693000Z,,2023-07-20T03:02:05.165661Z,1564,NOCODE,1874,31,Female,White,United States,United States,United States,English,DATA_EXPIRED,DATA_EXPIRED
64b89d93c86fd2620a623019,5f3d42de03555c0832cbef73,AWAITING REVIEW,2023-07-20T02:36:55.654000Z,2023-07-20T03:02:58.500000Z,,2023-07-20T03:03:02.114717Z,1563,938A5AE7,1174,21,Female,White,United States,United States,United States,English,No,"Not in paid work (e.g. homemaker', 'retired or disabled)"
64b89d9419dfa1a826e9d5ea,62bdc30224534809032cf056,AWAITING REVIEW,2023-07-20T02:36:04.984000Z,2023-07-20T03:17:31.495000Z,,2023-07-20T03:17:32.008653Z,2487,938A5AE7,3876,33,Male,Asian,India,United States,United States,English,No,Full-Time
64b89d97bc834233388f5c83,6365437b0637981c7666125b,AWAITING REVIEW,2023-07-20T02:36:21.739000Z,2023-07-20T04:32:29.783000Z,,2023-07-20T04:32:30.296729Z,6969,NOCODE,798,86,Male,White,United States,United States,United States,English,DATA_EXPIRED,DATA_EXPIRED
64b89da2e88adcd05d4912f6,55b3120cfdf99b6ef6263a71,AWAITING REVIEW,2023-07-20T02:36:22.388000Z,2023-07-20T03:03:19.636000Z,,2023-07-20T03:03:20.316718Z,1618,938A5AE7,3534,55,Female,White,United States,United States,United States,English,No,Part-Time
64b89dc0659c0cd8fbbeaaef,615efd1df11a7d21f0f12f68,AWAITING REVIEW,2023-07-20T02:36:57.198000Z,2023-07-20T04:11:37.239000Z,,2023-07-20T04:11:39.861844Z,5681,NOCODE,3446,24,Female,White,United States,United States,United States,English,DATA_EXPIRED,DATA_EXPIRED
64b89dc5d17d0fa59727e4ff,6273173c798a3e4be8c46e30,AWAITING REVIEW,2023-07-20T02:38:23.573000Z,2023-07-20T03:13:35.792000Z,,2023-07-20T03:13:36.294273Z,2113,NOCODE,805,47,Male,Mixed,United States,United States,United States,English,Yes,DATA_EXPIRED
64b89de1b9dafdeecca7baf9,5b666901f7798c000182c01c,AWAITING REVIEW,2023-07-20T02:42:18.249000Z,2023-07-20T03:57:55.535000Z,,2023-07-20T03:57:56.077364Z,4538,NOCODE,3084,39,Male,White,United States,United States,United States,English,No,Unemployed (and job seeking)
64b89e3abbc778c3daf7b0f4,566c9284d408ea000519c6d7,AWAITING REVIEW,2023-07-20T02:39:02.958000Z,2023-07-20T03:31:00.188000Z,,2023-07-20T03:31:00.748167Z,3118,938A5AE7,3902,34,Male,DATA_EXPIRED,United States,United States,United States,English,DATA_EXPIRED,DATA_EXPIRED
64b89e4dadc1a5be101548b4,628f9cfbee6de7cc7322fecf,AWAITING REVIEW,2023-07-20T02:39:27.680000Z,2023-07-20T03:24:06.267000Z,,2023-07-20T03:24:07.246914Z,2679,938A5AE7,2332,28,Male,Other,United States,United States,United States,English,Yes,DATA_EXPIRED
64b89e53d17d0fa59727e514,637d4793730be3ac44f5a4a5,AWAITING REVIEW,2023-07-20T02:39:19.312000Z,2023-07-20T04:32:34.640000Z,,2023-07-20T04:32:35.220152Z,6796,NOCODE,634,49,Male,White,United States,United States,United States,English,DATA_EXPIRED,DATA_EXPIRED
64b8a00fbedf5e0fcf154881,581f81d53577640001e2d51d,AWAITING REVIEW,2023-07-20T02:47:50.567000Z,2023-07-20T03:25:50.409000Z,,2023-07-20T03:25:50.921293Z,2280,938A5AE7,370,42,Female,White,United States,United States,United States,English,No,"Not in paid work (e.g. homemaker', 'retired or disabled)"
64b8a011b6257d1fbe351d08,5fb96b9798cd084465b0bf36,AWAITING REVIEW,2023-07-20T02:46:44.176000Z,2023-07-20T03:37:25.050000Z,,2023-07-20T03:37:25.566507Z,3041,938A5AE7,1430,53,Male,White,United States,United States,United States,English,DATA_EXPIRED,DATA_EXPIRED
64b8a01f31f5f8eccc61d6a7,5e2be6efe179572183644844,AWAITING REVIEW,2023-07-20T02:46:55.493000Z,2023-07-20T03:28:09.549000Z,,2023-07-20T03:28:10.050600Z,2475,938A5AE7,1430,47,Male,White,United States,United States,United States,English,No,Full-Time
64b8a0275d82e40fdda61887,5dd72efa82569a6d38e06854,AWAITING REVIEW,2023-07-20T02:47:03.328000Z,2023-07-20T03:27:45.111000Z,,2023-07-20T03:27:45.582065Z,2442,NOCODE,2816,40,Female,White,United States,United States,United States,English,No,Unemployed (and job seeking)
64b8a045cf8d698c5ddf4a7e,5d5f31230fc94a001c632b69,AWAITING REVIEW,2023-07-20T02:47:33.723000Z,2023-07-20T03:03:35.813000Z,,2023-07-20T03:03:36.287991Z,963,938A5AE7,1498,28,Female,Mixed,United States,United States,United States,English,No,DATA_EXPIRED
64b8a0659fd4afa5fe0b7d72,5a8e6117b093f80001a83119,AWAITING REVIEW,2023-07-20T02:48:19.481000Z,2023-07-20T03:19:07.346000Z,,2023-07-20T03:19:07.878293Z,1848,NOCODE,712,31,Male,White,United States,United States,United States,English,No,Full-Time
64b8a1b02df8199f34523d05,63ced96b01986b01ef133497,AWAITING REVIEW,2023-07-20T02:53:52.416000Z,2023-07-20T03:26:17.193000Z,,2023-07-20T03:26:17.755265Z,1945,NOCODE,817,26,Female,White,United States,United States,United States,English,No,Unemployed (and job seeking)
64b8a25271af4561ff30931d,5e387f2c0d70ef099d5e5a4f,AWAITING REVIEW,2023-07-20T02:56:28.731000Z,2023-07-20T03:31:12.979000Z,,2023-07-20T03:31:13.527849Z,2085,NOCODE,1486,40,Male,White,United States,United States,United States,English,DATA_EXPIRED,Full-Time
64b8a29279b623870686be57,5dce29700ad506063969a4a5,AWAITING REVIEW,2023-07-20T03:02:06.814000Z,2023-07-20T03:59:57.665000Z,,2023-07-20T03:59:58.249704Z,3471,938A5AE7,4001,39,Female,White,United States,United States,United States,English,No,"Not in paid work (e.g. homemaker', 'retired or disabled)"
64b8a51754303f92f04912ad,5d74001d391b6600175f433b,AWAITING REVIEW,2023-07-20T03:08:10.306000Z,2023-07-20T03:37:40.749000Z,,2023-07-20T03:37:41.221338Z,1771,938A5AE7,4475,34,Female,White,United States,United States,United States,English,No,Part-Time
64b8a5bcf10d0679ca421457,63e5a6690eeedc20da056717,AWAITING REVIEW,2023-07-20T03:11:09.713000Z,2023-07-20T03:52:49.928000Z,,2023-07-20T03:52:50.459684Z,2501,938A5AE7,1177,39,Male,White,United States,United States,United States,English,No,Full-Time
64b8a6b0c376fe7538beaaee,583748dafb65a0000128b059,AWAITING REVIEW,2023-07-20T03:16:02.899000Z,2023-07-20T03:35:26.610000Z,,2023-07-20T03:35:27.158340Z,1164,NOCODE,2008,40,Male,Other,United States,United States,United States,English,DATA_EXPIRED,DATA_EXPIRED
64b8a6bc4a6b84764b261002,636330b7f97a8198974a367f,AWAITING REVIEW,2023-07-20T03:15:12.413000Z,2023-07-20T03:48:17.046000Z,,2023-07-20T03:48:17.575299Z,1985,NOCODE,884,32,Female,White,United States,United States,United States,English,DATA_EXPIRED,DATA_EXPIRED
64b8a6f7c3994d4b727b0f01,628ecaf78869ed2022d7690f,RETURNED,2023-07-20T03:16:29.195000Z,2023-07-20T03:18:54.895000Z,,2023-07-20T03:18:56.248000Z,,CU1NH9FP,769,CONSENT_REVOKED,CONSENT_REVOKED,CONSENT_REVOKED,CONSENT_REVOKED,CONSENT_REVOKED,CONSENT_REVOKED,CONSENT_REVOKED,CONSENT_REVOKED,CONSENT_REVOKED
64b8a72cd865cc6ed18f5c95,6486aa634b94f1dd568fd487,AWAITING REVIEW,2023-07-20T03:17:07.323000Z,2023-07-20T04:02:19.718000Z,,2023-07-20T04:02:20.271181Z,2713,938A5AE7,380,51,Female,White,United States,United States,United States,English,No,Full-Time
64b8a8c2a83bcbf1f2beaaf8,56ec9fa4f9ffc4000ac1941b,AWAITING REVIEW,2023-07-20T03:23:46.633000Z,2023-07-20T04:28:36.154000Z,,2023-07-20T04:28:36.649366Z,3890,938A5AE7,2051,35,Male,White,United States,United States,United States,English,No,Full-Time
64b8a8ff1279280a1a0b7d44,62a7c4d5266dfb89bf94fec8,AWAITING REVIEW,2023-07-20T03:24:54.267000Z,2023-07-20T04:21:06.235000Z,,2023-07-20T04:21:06.814584Z,3372,938A5AE7,3067,45,Female,Black,United States,United States,United States,English,DATA_EXPIRED,DATA_EXPIRED
64b8a91edc9b428b5ba618b0,640cd020656929eeb856a443,AWAITING REVIEW,2023-07-20T03:25:24.661000Z,2023-07-20T04:35:58.206000Z,,2023-07-20T04:35:58.715619Z,4234,938A5AE7,684,62,Male,Black,United States,United States,United States,English,Yes,Full-Time
64b8af432cfeed7263abb460,5bdfb648484288000130dad0,AWAITING REVIEW,2023-07-20T03:51:59.995000Z,2023-07-20T04:31:14.102000Z,,2023-07-20T04:31:14.617327Z,2355,NOCODE,3824,30,Male,White,United States,United States,United States,English,No,Full-Time
64b8b14936f38ab758b016d1,603862f99e00971c55fe0874,AWAITING REVIEW,2023-07-20T04:00:09.682000Z,2023-07-20T05:50:36.459000Z,,2023-07-20T05:50:36.956020Z,6627,NOCODE,3117,32,Male,Black,United States,United States,United States,English,No,Part-Time
64b8b2d92fcab56a750d0181,645c5d4527a85958aec271f4,AWAITING REVIEW,2023-07-20T04:07:23.193000Z,2023-07-20T04:31:19.550000Z,,2023-07-20T04:31:20.596162Z,1437,NOCODE,150,19,Male,Asian,United States,United States,United States,English,Yes,DATA_EXPIRED
64b8b4ebd9d9ca43c4154862,5eb693937a030e5923b44068,AWAITING REVIEW,2023-07-20T04:15:39.687000Z,2023-07-20T04:50:43.839000Z,,2023-07-20T04:50:44.656980Z,2105,NOCODE,1451,37,Male,White,United States,United States,United States,English,DATA_EXPIRED,Full-Time
64b8b4ec86e8663ae027e4b9,62bd1d1283b326cde10cf27a,AWAITING REVIEW,2023-07-20T04:17:59.492000Z,2023-07-20T04:50:22.756000Z,,2023-07-20T04:50:23.236953Z,1944,NOCODE,2511,61,Male,White,United States,United States,United States,English,No,Full-Time
64b8b8755adf987440abb42e,60fd6618f9a377f54dcdf318,AWAITING REVIEW,2023-07-20T04:30:56.644000Z,2023-07-20T04:49:57.987000Z,,2023-07-20T04:49:58.487876Z,1142,NOCODE,4178,36,Male,White,United States,United States,United States,English,Yes,Full-Time
64b8bf58e9c5a61c20351d04,5e5fe64a8278d103d35cac54,AWAITING REVIEW,2023-07-20T05:06:11.328000Z,2023-07-20T05:39:48.640000Z,,2023-07-20T05:39:49.224689Z,2018,NOCODE,1707,37,Male,White,United States,United States,United States,English,No,Full-Time
64b8c16fd4440eb257b25026,5d453e8723a5bb0001492546,AWAITING REVIEW,2023-07-20T05:09:03.497000Z,2023-07-20T06:55:06.933000Z,,2023-07-20T06:55:07.946876Z,6364,NOCODE,2652,29,Male,White,United States,United States,United States,English,Yes,Full-Time
64b8c3a505bfa8ea34a6187a,6444b1e677ebe8b4e2c23abd,AWAITING REVIEW,2023-07-20T05:18:35.639000Z,2023-07-20T06:16:54.092000Z,,2023-07-20T06:16:59.344397Z,3499,938A5AE7,684,52,Female,Black,United States,United States,United States,English,No,Full-Time
